"id","sequence","name","amount","amount_type","type_tax_use","co_tax_group_id","active","children_tax_ids","repartition_line_ids/repartition_type","repartition_line_ids/document_type","repartition_line_ids/account_id","description","invoice_label","name@es","description@es"
"co_tax_iva_19gt",0,"19% Vat S",19,"percent","sale","co_tax_group_iva_01",,,"base","invoice",,"VAT Sales 19%","19%","19% Iva V","IVA Ventas 19%"
,,,,,,,,,"tax","invoice","co_puc_244010",,,,
,,,,,,,,,"base","refund",,,,,
,,,,,,,,,"tax","refund","co_puc_244010",,,,
"co_tax_iva_19lt",0,"19% Vat P",19,"percent","purchase","co_tax_group_iva_01",,,"base","invoice",,"VAT Purchase 19%","19%","19% Iva C","IVA Compra 19%"
,,,,,,,,,"tax","invoice","co_puc_244010",,,,
,,,,,,,,,"base","refund",,,,,
,,,,,,,,,"tax","refund","co_puc_244010",,,,
"co_tax_iva_5gt",1,"5% Vat S",5,"percent","sale","co_tax_group_iva_01",,,"base","invoice",,"VAT Sales 5%","5%","5% Iva V","IVA Ventas 5%"
,,,,,,,,,"tax","invoice","co_puc_244010",,,,
,,,,,,,,,"base","refund",,,,,
,,,,,,,,,"tax","refund","co_puc_244010",,,,
"co_tax_iva_5lt",1,"5% Vat P",5,"percent","purchase","co_tax_group_iva_01",,,"base","invoice",,"VAT Purchase 5%","5%","5% Iva C","IVA Compra 5%"
,,,,,,,,,"tax","invoice","co_puc_244010",,,,
,,,,,,,,,"base","refund",,,,,
,,,,,,,,,"tax","refund","co_puc_244010",,,,
"co_tax_iva_16gt",1,"16% IVA S",16,"percent","sale","co_tax_group_iva_01",,,"base","invoice",,"VAT Sales Refunds 16% 2016","16%","16% Iva V","IVA Devoluciones Ventas 16% 2016"
,,,,,,,,,"tax","invoice",,,,,
,,,,,,,,,"base","refund",,,,,
,,,,,,,,,"tax","refund",,,,,
"co_tax_iva_16lt",1,"16% Vat P",16,"percent","purchase","co_tax_group_iva_01",,,"base","invoice",,"Deductible VAT Purchase 16% (2016 and January 2017)","16%","16% Desc Iva C","IVA Descontable Compra 16% (2016 y Enero 2017)"
,,,,,,,,,"tax","invoice","co_puc_244010",,,,
,,,,,,,,,"base","refund",,,,,
,,,,,,,,,"tax","refund","co_puc_244010",,,,
"co_tax_iva_0gt",1,"0% Vat S",0,"percent","sale","co_tax_group_iva_01",,,"base","invoice",,"VAT Purchase Imports","0%","0% Iva C","IVA Compra Importaciones"
,,,,,,,,,"tax","invoice",,,,,
,,,,,,,,,"base","refund",,,,,
,,,,,,,,,"tax","refund",,,,,
"co_tax_iva_0lt",1,"0% Vat P",0,"percent","purchase","co_tax_group_iva_01",,,"base","invoice",,"VAT Purchase Imports","0%","0% Iva C","IVA Compra Importaciones"
,,,,,,,,,"tax","invoice",,,,,
,,,,,,,,,"base","refund",,,,,
,,,,,,,,,"tax","refund",,,,,
"co_tax_exc_0gt",1,"0% ExC S",0,"percent","sale","co_tax_group_iva_01",,,"base","invoice",,"VAT Excluded","0%","0% Iva Exc V","IVA Excluido"
,,,,,,,,,"tax","invoice",,,,,
,,,,,,,,,"base","refund",,,,,
,,,,,,,,,"tax","refund",,,,,
"co_tax_exc_0lt",1,"0% Exlcude P",0,"percent","purchase","co_tax_group_iva_01",,,"base","invoice",,"VAT Purchase Excluded","0%","0% Iva Exc C","IVA Compra Excluido"
,,,,,,,,,"tax","invoice",,,,,
,,,,,,,,,"base","refund",,,,,
,,,,,,,,,"tax","refund",,,,,
"co_tax_exm_0gt",1,"0% ExEm S",0,"percent","sale","co_tax_group_iva_01",,,"base","invoice",,"VAT Exempt","0%","0% Iva V","IVA Exento"
,,,,,,,,,"tax","invoice",,,,,
,,,,,,,,,"base","refund",,,,,
,,,,,,,,,"tax","refund",,,,,
"co_tax_exm_0lt",1,"0% Exemption P",0,"percent","purchase","co_tax_group_iva_01",,,"base","invoice",,"VAT Exempt Purchase","0%","0% Iva Exen C","IVA Compra Exento"
,,,,,,,,,"tax","invoice",,,,,
,,,,,,,,,"base","refund",,,,,
,,,,,,,,,"tax","refund",,,,,
"co_tax_rteiva_0_75gt",1,"15% RteVat 5% S",-0.75,"percent","sale","co_tax_group_rtefte_08",,,"base","invoice",,"RteVAT 15% over 5% VAT Sales","-0.75%","15% RteIva 5% V","RteIVA 15% sobre el 5% IVA Ventas"
,,,,,,,,,"tax","invoice","co_puc_164015",,,,
,,,,,,,,,"base","refund",,,,,
,,,,,,,,,"tax","refund","co_puc_164015",,,,
"co_tax_rteiva_0_75lt",1,"15% RteVat 5% P",-0.75,"percent","purchase","co_tax_group_rteiva_05",,,"base","invoice",,"RteVAT 15% over 5% VAT (-0.75%)","-0.75%","15% RteIva 5% C","RteIVA 15% sobre el 5% IVA "
,,,,,,,,,"tax","invoice","co_puc_245095",,,,
,,,,,,,,,"base","refund",,,,,
,,,,,,,,,"tax","refund","co_puc_245095",,,,
"co_tax_rteiva_2_4gt",1,"15% RteVat 16% S",-2.4,"percent","sale","co_tax_group_rtefte_08",,,"base","invoice",,"RteVAT 15% over 16% VAT Sales","-2.4%","15%  RteIva 16% V","RteIVA 15% sobre el 16% IVA Ventas"
,,,,,,,,,"tax","invoice","co_puc_164015",,,,
,,,,,,,,,"base","refund",,,,,
,,,,,,,,,"tax","refund","co_puc_164015",,,,
"co_tax_rteiva_2_4lt",1,"15% RteVat 16% P",-2.4,"percent","purchase","co_tax_group_rteiva_05",,,"base","invoice",,"RteVAT 15% over 19% VAT (-2.85%)","-2.85%","15%  RteIva 19% C","RteIVA 15% sobre el 19% IVA"
,,,,,,,,,"tax","invoice","co_puc_245095",,,,
,,,,,,,,,"base","refund",,,,,
,,,,,,,,,"tax","refund","co_puc_245095",,,,
"co_tax_rteiva_2_85gt",1,"15% RteVat 19% S",-2.85,"percent","sale","co_tax_group_rtefte_08",,,"base","invoice",,"RteVAT 15% over 19% VAT Sales","-2.85%","15%  RteIva 19% V","RteIVA 15% sobre el 19% IVA Ventas"
,,,,,,,,,"tax","invoice","co_puc_164015",,,,
,,,,,,,,,"base","refund",,,,,
,,,,,,,,,"tax","refund","co_puc_164015",,,,
"co_tax_rteiva_2_85lt",1,"15% RteVat 19% P",-2.85,"percent","purchase","co_tax_group_rteiva_05",,,"base","invoice",,"RteVAT 15% over 19% VAT (-2.85%)","-2.85%","15%  RteIva 19% C","RteIVA 15% sobre el 19% IVA"
,,,,,,,,,"tax","invoice","co_puc_245095",,,,
,,,,,,,,,"base","refund",,,,,
,,,,,,,,,"tax","refund","co_puc_245095",,,,
"co_tax_rtefte_0_1gt",1,"0.1% RteFte S",-0.1,"percent","sale","co_tax_group_rtefte_08",,,"base","invoice",,"RteFte Fuel Sale (-0.1%)","-0.1%","0.1% RteFte C","RteFte Venta Combustibles (0.1%)"
,,,,,,,,,"tax","invoice","co_puc_164010",,,,
,,,,,,,,,"base","refund",,,,,
,,,,,,,,,"tax","refund","co_puc_164010",,,,
"co_tax_rtefte_0_1lt",1,"0.1% RteFte P",-0.1,"percent","purchase","co_tax_group_rtefte_08",,,"base","invoice",,"RteFte Fuel Purchase (-0.1%)","-0.1%","0.1% RteFte C","RteFte Compra Combustibles (0.1%)"
,,,,,,,,,"tax","invoice","co_puc_243540",,,,
,,,,,,,,,"base","refund",,,,,
,,,,,,,,,"tax","refund","co_puc_243540",,,,
"co_tax_rtefte_0_5gt",1,"0.5% RteFte P",-0.5,"percent","sale","co_tax_group_rtefte_08",,,"base","invoice",,"RteFte Sale Coffee (-0.5%).","-0.5%","0.5% RteFte C","RteFte Venta Cafe (0.5%)"
,,,,,,,,,"tax","invoice","co_puc_164010",,,,
,,,,,,,,,"base","refund",,,,,
,,,,,,,,,"tax","refund","co_puc_164010",,,,
"co_tax_rtefte_0_5lt",1,"0.5% RteFte P",-0.5,"percent","purchase","co_tax_group_rtefte_08",,,"base","invoice",,"RteFte Buy Coffee (-0.5%).","-0.5%","0.5% RteFte C","RteFte Compra Cafe (0.5%)"
,,,,,,,,,"tax","invoice","co_puc_243540",,,,
,,,,,,,,,"base","refund",,,,,
,,,,,,,,,"tax","refund","co_puc_243540",,,,
"co_tax_rtefte_1gt",1,"1% RteFte V",-1,"percent","sale","co_tax_group_rtefte_08",,,"base","invoice",,"RteFte Real Estate Purchases (-1%)","-1%","1% RteFte C","RteFte Ventas Bienes Raices (-1%)"
,,,,,,,,,"tax","invoice","co_puc_164010",,,,
,,,,,,,,,"base","refund",,,,,
,,,,,,,,,"tax","refund","co_puc_164010",,,,
"co_tax_rtefte_1lt",1,"1% RteFte P",-1,"percent","purchase","co_tax_group_rtefte_08",,,"base","invoice",,"RteFte Real Estate Purchases (-1%)","-1%","1% RteFte C","RteFte Compras Bienes Raices (-1%)"
,,,,,,,,,"tax","invoice","co_puc_243540",,,,
,,,,,,,,,"base","refund",,,,,
,,,,,,,,,"tax","refund","co_puc_243540",,,,
"co_tax_rtefte_1_5gt",1,"1.5% RteFte P",-1.5,"percent","sale","co_tax_group_rtefte_08",,,"base","invoice",,"RteFte Sales of Agricultural Goods (-1.5%)","-1.5%","1.5% RteFte C","RteFte Ventas Bienes Agricolas (-1.5%)"
,,,,,,,,,"tax","invoice","co_puc_164010",,,,
,,,,,,,,,"base","refund",,,,,
,,,,,,,,,"tax","refund","co_puc_164010",,,,
"co_tax_rtefte_1_5lt",1,"1.5% RteFte P",-1.5,"percent","purchase","co_tax_group_rtefte_08",,,"base","invoice",,"RteFte Purchases of Agricultural Goods (-1.5%)","-1.5%","1.5% RteFte C","RteFte Compras Bienes Agricolas (-1.5%)"
,,,,,,,,,"tax","invoice","co_puc_243540",,,,
,,,,,,,,,"base","refund",,,,,
,,,,,,,,,"tax","refund","co_puc_243540",,,,
"co_tax_rtefte_2gt",1,"2% RteFte V",-2,"percent","sale","co_tax_group_rtefte_08",,,"base","invoice",,"RteFte Surveillance and Cleaning Service (Over AIU) (-2%)","-2%","2% RteFte C","RteFte Servicio de Vigilancia y Aseo (Sobre AIU) (-2%)"
,,,,,,,,,"tax","invoice","co_puc_164010",,,,
,,,,,,,,,"base","refund",,,,,
,,,,,,,,,"tax","refund","co_puc_164010",,,,
"co_tax_rtefte_2lt",1,"2% RteFte P",-2,"percent","purchase","co_tax_group_rtefte_08",,,"base","invoice",,"RteFte Surveillance and Cleaning Service (Over AIU) (-2%)","-2%","2% RteFte C","RteFte Servicio de Vigilancia y Aseo (Sobre AIU) (-2%)"
,,,,,,,,,"tax","invoice","co_puc_243525",,,,
,,,,,,,,,"base","refund",,,,,
,,,,,,,,,"tax","refund","co_puc_243525",,,,
"co_tax_rtefte_2_5gt",1,"2.5% RteFte S",-2.5,"percent","sale","co_tax_group_rtefte_08",,,"base","invoice",,"RteFte -2.5% Sales","-2.5%","2.5% RteFte V","RteFte -2.50% Ventas"
,,,,,,,,,"tax","invoice","co_puc_164010",,,,
,,,,,,,,,"base","refund",,,,,
,,,,,,,,,"tax","refund","co_puc_164010",,,,
"co_tax_rtefte_2_5lt",1,"2.5% RteFte P",-2.5,"percent","purchase","co_tax_group_rtefte_08",,,"base","invoice",,"RteFte Purchases Declarants (-2.5%)","-2.5%","2.5% RteFte C","RteFte Compras Declarantes (-2.5%)"
,,,,,,,,,"tax","invoice","co_puc_243540",,,,
,,,,,,,,,"base","refund",,,,,
,,,,,,,,,"tax","refund","co_puc_243540",,,,
"co_tax_rtefte_3_5gt",1,"3.50% RteFte S",-3.5,"percent","sale","co_tax_group_rtefte_08",,,"base","invoice",,"RteFte -3.50% Sales","-3.5%","3.50% RteFte V","RteFte -3.50% Ventas"
,,,,,,,,,"tax","invoice","co_puc_164010",,,,
,,,,,,,,,"base","refund",,,,,
,,,,,,,,,"tax","refund","co_puc_164010",,,,
"co_tax_rtefte_3_5lt",1,"3.50% RteFte V",-3.5,"percent","purchase","co_tax_group_rtefte_08",,,"base","invoice",,"RteFte -3.50% Purchase","-3.5%","3.50% RteFte V","RteFte -3.50% Compras"
,,,,,,,,,"tax","invoice","co_puc_243540",,,,
,,,,,,,,,"base","refund",,,,,
,,,,,,,,,"tax","refund","co_puc_243540",,,,
"co_tax_rtefte_4gt",1,"4% RteFte P",-4,"percent","sale","co_tax_group_rtefte_08",,,"base","invoice",,"RteFte Services P Legal and PN Declarant (-4%) ","-4%","4% RteFte C","RteFte Servicios P Jurídicas y PN Declarantes (-4%)"
,,,,,,,,,"tax","invoice","co_puc_164010",,,,
,,,,,,,,,"base","refund",,,,,
,,,,,,,,,"tax","refund","co_puc_164010",,,,
"co_tax_rtefte_4lt",1,"4% RteFte P",-4,"percent","purchase","co_tax_group_rtefte_08",,,"base","invoice",,"RteFte Services P Legal and PN Declarant (-4%) ","-4%","4% RteFte C","RteFte Servicios P Jurídicas y PN Declarantes (-4%)"
,,,,,,,,,"tax","invoice","co_puc_243525",,,,
,,,,,,,,,"base","refund",,,,,
,,,,,,,,,"tax","refund","co_puc_243525",,,,
"co_tax_rtefte_6gt",1,"6% RteFte S",-6,"percent","sale","co_tax_group_rtefte_08",,,"base","invoice",,"RteFte Leasehold Leases Movable Property (-6%)","-6%","6% RteFte V","RteFte Arrendamientos Bienes Muebles (-6%)"
,,,,,,,,,"tax","invoice","co_puc_164010",,,,
,,,,,,,,,"base","refund",,,,,
,,,,,,,,,"tax","refund","co_puc_164010",,,,
"co_tax_rtefte_6lt",1,"6% RteFte P",-6,"percent","purchase","co_tax_group_rtefte_08",,,"base","invoice",,"RteFte Services in General Individuals Not Filing Income Tax Returns (-6%)","-6%","6% RteFte C","RteFte Servicios en General Personas Naturales No Declarantes Renta (-6%)"
,,,,,,,,,"tax","invoice","co_puc_243525",,,,
,,,,,,,,,"base","refund",,,,,
,,,,,,,,,"tax","refund","co_puc_243525",,,,
"co_tax_rtefte_7gt",1,"7% RteFte S",-7,"percent","sale","co_tax_group_rtefte_08",,,"base","invoice",,"RteFte Leasehold Leases Movable Property (-7%)","-7%","7% RteFte V","RteFte Arrendamientos Bienes Muebles (-7%)"
,,,,,,,,,"tax","invoice","co_puc_164010",,,,
,,,,,,,,,"base","refund",,,,,
,,,,,,,,,"tax","refund","co_puc_164010",,,,
"co_tax_rtefte_7lt",1,"7% RteFte P",-7,"percent","purchase","co_tax_group_rtefte_08",,,"base","invoice",,"RteFte General Financial Income (-7%) ","-7%","7% RteFte C","RteFte Rendimientos Financieros Generales (-7%)"
,,,,,,,,,"tax","invoice","co_puc_243535",,,,
,,,,,,,,,"base","refund",,,,,
,,,,,,,,,"tax","refund","co_puc_243535",,,,
"co_tax_rtefte_10gt",1,"10% RteFte S",-10,"percent","sale","co_tax_group_rtefte_08",,,"base","invoice",,"RteFte Commissions Natural Person (-10%)","-10%","10% RteFte C","RteFte Comisiones Persona Natural (-10%)"
,,,,,,,,,"tax","invoice","co_puc_164010",,,,
,,,,,,,,,"base","refund",,,,,
,,,,,,,,,"tax","refund","co_puc_164010",,,,
"co_tax_rtefte_10lt",1,"10% RteFte P",-10,"percent","purchase","co_tax_group_rtefte_08",,,"base","invoice",,"RteFte Commissions Natural Person (-10%)","-10%","10% RteFte C","RteFte Comisiones Persona Natural (-10%)"
,,,,,,,,,"tax","invoice","co_puc_243520",,,,
,,,,,,,,,"base","refund",,,,,
,,,,,,,,,"tax","refund","co_puc_243520",,,,
"co_tax_rtefte_11gt",1,"11% RteFte S",-11,"percent","sale","co_tax_group_rtefte_08",,,"base","invoice",,"RteFte Fees Natural Person (-11%)","-10%","11% RteFte V","RteFte Honorarios Persona Natural (-10%)"
,,,,,,,,,"tax","invoice","co_puc_243515",,,,
,,,,,,,,,"base","refund",,,,,
,,,,,,,,,"tax","refund","co_puc_243515",,,,
"co_tax_rtefte_11lt",1,"11% RteFte P",-11,"percent","purchase","co_tax_group_rtefte_08",,,"base","invoice",,"RteFte Commissions Legal Entity (-11%) ","-11%","11% RteFte C","RteFte Comisiones Persona Juridica (-11%)"
,,,,,,,,,"tax","invoice","co_puc_243520",,,,
,,,,,,,,,"base","refund",,,,,
,,,,,,,,,"tax","refund","co_puc_243520",,,,
"co_tax_rteica_0gt",1,"0% RteIca S",0,"percent","sale","co_tax_group_rteica_07",,,"base","invoice",,"RteIca","0%","0% RteIca S","RteIca"
,,,,,,,,,"tax","invoice",,,,,
,,,,,,,,,"base","refund",,,,,
,,,,,,,,,"tax","refund",,,,,
"co_tax_rteica_0lt",1,"0% RteIca P",0,"percent","purchase","co_tax_group_rteica_07",,,"base","invoice",,"RteIca","0%","0% RteIca C","RteIca"
,,,,,,,,,"tax","invoice",,,,,
,,,,,,,,,"base","refund",,,,,
,,,,,,,,,"tax","refund",,,,,
"co_tax_rteica_0_414gt",1,"0.414% RteIca S",-0.414,"percent","sale","co_tax_group_rteica_07",,,"base","invoice",,"RteIca -0.414% Sales","-0.414%","0.414% RteIca V","RteIca -0.414% Ventas"
,,,,,,,,,"tax","invoice","co_puc_164020",,,,
,,,,,,,,,"base","refund",,,,,
,,,,,,,,,"tax","refund","co_puc_164020",,,,
"co_tax_rteica_0_414lt",1,"0.414% RteIca P",-0.414,"percent","purchase","co_tax_group_rteica_07",,,"base","invoice",,"RteIca (-0.414%)","-0.414%","0.414% RteIca C","RteIca (-0.414%)"
,,,,,,,,,"tax","invoice","co_puc_243575",,,,
,,,,,,,,,"base","refund",,,,,
,,,,,,,,,"tax","refund","co_puc_243575",,,,
"co_tax_rteica_0_69gt",1,"0.69% RteIca S",-0.69,"percent","sale","co_tax_group_rteica_07",,,"base","invoice",,"RteIca (-0.69%)","-0.69%","0.69% RteIca C","RteIca (-0.69%)"
,,,,,,,,,"tax","invoice","co_puc_164020",,,,
,,,,,,,,,"base","refund",,,,,
,,,,,,,,,"tax","refund","co_puc_164020",,,,
"co_tax_rteica_0_69lt",1,"0.69% RteIca P",-0.69,"percent","purchase","co_tax_group_rteica_07",,,"base","invoice",,"RteIca (-0.69%)","-0.69%","0.69% RteIca C","RteIca (-0.69%)"
,,,,,,,,,"tax","invoice","co_puc_243575",,,,
,,,,,,,,,"base","refund",,,,,
,,,,,,,,,"tax","refund","co_puc_243575",,,,
"co_tax_rteica_0_966gt",1,"0.966% RteIca S",-0.966,"percent","sale","co_tax_group_rteica_07",,,"base","invoice",,"RteIca (-0.966%)","-0.966%","0.966% RteIca C","RteIca (-0.966%)"
,,,,,,,,,"tax","invoice","co_puc_164020",,,,
,,,,,,,,,"base","refund",,,,,
,,,,,,,,,"tax","refund","co_puc_164020",,,,
"co_tax_rteica_0_966lt",1,"0.966% RteIca P",-0.966,"percent","purchase","co_tax_group_rteica_07",,,"base","invoice",,"RteIca (-0.966%)","-0.966%","0.966% RteIca C","RteICA (-0.966%)"
,,,,,,,,,"tax","invoice","co_puc_243575",,,,
,,,,,,,,,"base","refund",,,,,
,,,,,,,,,"tax","refund","co_puc_243575",,,,
"co_tax_rteica_1_104gt",1,"1.104% RteIca S",-1.104,"percent","sale","co_tax_group_rteica_07",,,"base","invoice",,"RteIca (-1.104%)","-1.104%","1.104% RteIca C","RteICA (-1.104%)"
,,,,,,,,,"tax","invoice","co_puc_164020",,,,
,,,,,,,,,"base","refund",,,,,
,,,,,,,,,"tax","refund","co_puc_164020",,,,
"co_tax_rteica_1_104lt",1,"1.104% RteIca P",-1.104,"percent","purchase","co_tax_group_rteica_07",,,"base","invoice",,"RteIca (-1.104%)","-1.104%","1.104% RteIca C","RteICA (-1.104%)"
,,,,,,,,,"tax","invoice","co_puc_243575",,,,
,,,,,,,,,"base","refund",,,,,
,,,,,,,,,"tax","refund","co_puc_243575",,,,
"co_tax_rteica_1_38gt",1,"1.38% RteIca S",-1.38,"percent","sale","co_tax_group_rteica_07",,,"base","invoice",,"RteICA (-1.38%)","-1.38%","1.38% RteIca C","RteICA (-1.38%)"
,,,,,,,,,"tax","invoice","co_puc_164020",,,,
,,,,,,,,,"base","refund",,,,,
,,,,,,,,,"tax","refund","co_puc_164020",,,,
"co_tax_rteica_1_38lt",1,"1.38% RteIca P",-1.38,"percent","purchase","co_tax_group_rteica_07",,,"base","invoice",,"RteICA (-1.38%)","-1.38%","1.38% RteIca C","RteICA (-1.38%)"
,,,,,,,,,"tax","invoice","co_puc_243575",,,,
,,,,,,,,,"base","refund",,,,,
,,,,,,,,,"tax","refund","co_puc_243575",,,,
"co_tax_biecub_0gt",1,"0% CovAsset S",0,"percent","sale","co_tax_group_otro_zz",,,"base","invoice",,"Covered Assets","0%","0% Bienes Cubiertos V","Bienes Cubiertos"
,,,,,,,,,"tax","invoice",,,,,
,,,,,,,,,"base","refund",,,,,
,,,,,,,,,"tax","refund",,,,,
"l10n_co_tax_1",0,"19% VAT",19,"percent","purchase","tax_group_iva_19","False",,"base","invoice",,"VAT Purchase 19%","19%","19% IVA","IVA Compra 19%"
,,,,,,,,,"tax","invoice","co_puc_240810",,,,
,,,,,,,,,"base","refund",,,,,
,,,,,,,,,"tax","refund","co_puc_240810",,,,
"l10n_co_tax_0",1,"5% VAT",5,"percent","purchase","tax_group_iva_5","False",,"base","invoice",,"VAT Purchase 5%","5%","5% IVA","IVA Compra 5%"
,,,,,,,,,"tax","invoice","co_puc_240810",,,,
,,,,,,,,,"base","refund",,,,,
,,,,,,,,,"tax","refund","co_puc_240810",,,,
"l10n_co_tax_2",1,"16% D",16,"percent","purchase","tax_group_iva_16","False",,"base","invoice",,"Deductible VAT Purchase 16% (2016 and January 2017)","16%","16% Desc IVA","IVA Descontable Compra 16% (2016 y Enero 2017)"
,,,,,,,,,"tax","invoice","co_puc_240810",,,,
,,,,,,,,,"base","refund",,,,,
,,,,,,,,,"tax","refund","co_puc_240810",,,,
"l10n_co_tax_5",1,"0% IMP VAT",0,"percent","purchase","tax_group_iva_0","False",,"base","invoice",,"VAT Purchase Imports","0%","0% IVA Impo","IVA Compra Importaciones"
,,,,,,,,,"tax","invoice",,,,,
,,,,,,,,,"base","refund",,,,,
,,,,,,,,,"tax","refund",,,,,
"l10n_co_tax_6",1,"0% EXC VAT",0,"percent","purchase","tax_group_iva_0","False",,"base","invoice",,"VAT Purchase Excluded","0%","0% IVA Exc","IVA Compra Excluido"
,,,,,,,,,"tax","invoice",,,,,
,,,,,,,,,"base","refund",,,,,
,,,,,,,,,"tax","refund",,,,,
"l10n_co_tax_7",1,"0% EXEMPT",0,"percent","purchase","tax_group_iva_0","False",,"base","invoice",,"VAT Exempt Purchase","0%","0% IVA Exen","IVA Compra Exento"
,,,,,,,,,"tax","invoice",,,,,
,,,,,,,,,"base","refund",,,,,
,,,,,,,,,"tax","refund",,,,,
"l10n_co_tax_12",1,"15% RteVAT 19%",-2.85,"percent","purchase","tax_group_r_iva_285","False",,"base","invoice",,"RteVAT 15% over 19% VAT (-2.85%)","-2.85%","15%  RteIVA 19%","RteIVA 15% sobre el 19% IVA"
,,,,,,,,,"tax","invoice","co_puc_243585",,,,
,,,,,,,,,"base","refund",,,,,
,,,,,,,,,"tax","refund","co_puc_243585",,,,
"l10n_co_tax_13",1,"15% RteVAT 5%",-0.75,"percent","purchase","tax_group_r_iva_075","False",,"base","invoice",,"RteVAT 15% over 5% VAT (-0.75%)","-0.75%","15% RteIVA 5%","RteIVA 15% sobre el 5% IVA"
,,,,,,,,,"tax","invoice","co_puc_243585",,,,
,,,,,,,,,"base","refund",,,,,
,,,,,,,,,"tax","refund","co_puc_243585",,,,
"l10n_co_tax_14",1,"15% RteVAT 19% C",0.75,"percent","purchase","tax_group_r_iva_075","False",,"base","invoice",,"RteVAT 15% over 5% VAT Counterpart (0.75%)","0.75%","15%  RteIVA 19% C","RteIVA 15% sobre el 5% IVA Contrapartida"
,,,,,,,,,"tax","invoice","co_puc_243585",,,,
,,,,,,,,,"base","refund",,,,,
,,,,,,,,,"tax","refund","co_puc_243585",,,,
"l10n_co_tax_15",1,"15% RteVAT 5% C",2.85,"percent","purchase","tax_group_r_iva_285","False",,"base","invoice",,"RteVAT 15% over 19% VAT Counterpart (2.85%)","2.85%","15% RteIVA 5% C","RteIVA 15% sobre el 19% IVA Contrapartida"
,,,,,,,,,"tax","invoice","co_puc_243585",,,,
,,,,,,,,,"base","refund",,,,,
,,,,,,,,,"tax","refund","co_puc_243585",,,,
"l10n_co_tax_16",1,"0.1% RteFte F C",-0.1,"percent","purchase","tax_group_r_ren_01","False",,"base","invoice",,"RteFte Fuel Purchase (-0.1%)","-0.1%","0.1% RteFte F C","RteFte Compra Combustibles (0.1%)"
,,,,,,,,,"tax","invoice","co_puc_243540",,,,
,,,,,,,,,"base","refund",,,,,
,,,,,,,,,"tax","refund","co_puc_243540",,,,
"l10n_co_tax_17",1,"0.5% RteFte C",-0.5,"percent","purchase","tax_group_r_ren_05","False",,"base","invoice",,"RteFte Buy Coffee (-0.5%).","-0.5%","0.5% RteFte Caf","RteFte Compra Cafe (0.5%)"
,,,,,,,,,"tax","invoice","co_puc_243540",,,,
,,,,,,,,,"base","refund",,,,,
,,,,,,,,,"tax","refund","co_puc_243540",,,,
"l10n_co_tax_18",1,"10% RteFte C N P",-10,"percent","purchase","tax_group_r_ren_10","False",,"base","invoice",,"RteFte Commissions Natural Person (-10%)","-10%","10% RteFte Com PN","RteFte Comisiones Persona Natural (-10%)"
,,,,,,,,,"tax","invoice","co_puc_243520",,,,
,,,,,,,,,"base","refund",,,,,
,,,,,,,,,"tax","refund","co_puc_243520",,,,
"l10n_co_tax_19",1,"2.5% RteFte D",-2.5,"percent","purchase","tax_group_r_ren_25","False",,"base","invoice",,"RteFte Purchases Declarants (-2.5%)","-2.5%","2.5% RteFte Dec","RteFte Compras Declarantes (-2.5%)"
,,,,,,,,,"tax","invoice","co_puc_243540",,,,
,,,,,,,,,"base","refund",,,,,
,,,,,,,,,"tax","refund","co_puc_243540",,,,
"l10n_co_tax_20",1,"10% RteFte C T T",-10,"percent","purchase","tax_group_r_ren_10","False",,"base","invoice",,"RteFte Consulting, Technical Services and Technical Assistance Payments Abroad (-10%)","-10%","10% RteFte Const ST","RteFte Consultorias, Servicios Tecnicos y Asistencia Tecnica Pagos al Exterior (-10%)"
,,,,,,,,,"tax","invoice","co_puc_243550",,,,
,,,,,,,,,"base","refund",,,,,
,,,,,,,,,"tax","refund","co_puc_243550",,,,
"l10n_co_tax_21",1,"1% RteFte A Car",-1,"percent","purchase","tax_group_r_ren_1","False",,"base","invoice",,"RteFte Acquisition of Vehicles (-1%) ","-1%","1% RteFte Veh","RteFte Adquisicion de Vehiculos (-1%)"
,,,,,,,,,"tax","invoice","co_puc_243540",,,,
,,,,,,,,,"base","refund",,,,,
,,,,,,,,,"tax","refund","co_puc_243540",,,,
"l10n_co_tax_22",1,"1% RteFte IMMO",-1,"percent","purchase","tax_group_r_ren_1","False",,"base","invoice",,"RteFte Real Estate Purchases (-1%)","-1%","1% RteFte BR","RteFte Compras de Bienes Raices (-1%)"
,,,,,,,,,"tax","invoice","co_puc_243540",,,,
,,,,,,,,,"base","refund",,,,,
,,,,,,,,,"tax","refund","co_puc_243540",,,,
"l10n_co_tax_23",1,"4% RteFte S L",-4,"percent","purchase","tax_group_r_ren_4","False",,"base","invoice",,"RteFte Services P Legal and PN Declarant (-4%) ","-4%","4% RteFte Serv Decl","RteFte Servicios P Jurídicas y PN Declarantes (-4%)"
,,,,,,,,,"tax","invoice","co_puc_243525",,,,
,,,,,,,,,"base","refund",,,,,
,,,,,,,,,"tax","refund","co_puc_243525",,,,
"l10n_co_tax_24",1,"1% RteFte F T",-1,"percent","purchase","tax_group_r_ren_1","False",,"base","invoice",,"RteFte National Freight Transport Service (-1%)","-1%","1% RteFte Transp Nac","RteFte Servicio TranspoRteFte Nacional Carga (-1%)"
,,,,,,,,,"tax","invoice","co_puc_243525",,,,
,,,,,,,,,"base","refund",,,,,
,,,,,,,,,"tax","refund","co_puc_243525",,,,
"l10n_co_tax_25",1,"6% RteFte S G",-6,"percent","purchase","tax_group_r_ren_6","False",,"base","invoice",,"RteFte Services in General Individuals Not Filing Income Tax Returns (-6%)","-6%","6% RteFte Serv Grles PN No Dec","RteFte Servicios en General Personas Naturales No Declarantes Renta (-6%)"
,,,,,,,,,"tax","invoice","co_puc_243525",,,,
,,,,,,,,,"base","refund",,,,,
,,,,,,,,,"tax","refund","co_puc_243525",,,,
"l10n_co_tax_26",1,"2% RteFte S C",-2,"percent","purchase","tax_group_r_ren_2","False",,"base","invoice",,"RteFte Surveillance and Cleaning Service (Over AIU) (-2%)","-2%","2% RteFte Serv Vig","RteFte Servicio de Vigilancia y Aseo (Sobre AIU) (-2%)"
,,,,,,,,,"tax","invoice","co_puc_243525",,,,
,,,,,,,,,"base","refund",,,,,
,,,,,,,,,"tax","refund","co_puc_243525",,,,
"l10n_co_tax_27",1,"3.5% RteFte Soft",-3.5,"percent","purchase","tax_group_r_ren_35","False",,"base","invoice",,"RteFte Service Fees Software Licenses (-3.5%) ","-3.5%","3.5% RteFte Serv Soft","RteFte Honorarios Servicios Licencias Software (-3.5%)"
,,,,,,,,,"tax","invoice","co_puc_243515",,,,
,,,,,,,,,"base","refund",,,,,
,,,,,,,,,"tax","refund","co_puc_243515",,,,
"l10n_co_tax_28",1,"2% RteFte W C IMMO",-2,"percent","purchase","tax_group_r_ren_2","False",,"base","invoice",,"RteFte Works Contracts Real Estate (-2%)","-2%","2% RteFte Cont OI","RteFte Contratos de Obra Inmuebles (-2%)"
,,,,,,,,,"tax","invoice","co_puc_243525",,,,
,,,,,,,,,"base","refund",,,,,
,,,,,,,,,"tax","refund","co_puc_243525",,,,
"l10n_co_tax_29",1,"4% RteFte L L",-4,"percent","purchase","tax_group_r_ren_4","False",,"base","invoice",,"RteFte Leasehold Leases Movable Property (-4%)","-4%","4% RteFte Arr BI","RteFte Arrendamientos Bienes Muebles (-4%)"
,,,,,,,,,"tax","invoice","co_puc_243530",,,,
,,,,,,,,,"base","refund",,,,,
,,,,,,,,,"tax","refund","co_puc_243530",,,,
"l10n_co_tax_30",1,"3.5% RteFte IMMO L",-3.5,"percent","purchase","tax_group_r_ren_35","False",,"base","invoice",,"RteFte Real Estate Leases (-3.5%) ","-3.5%","3.5% RteFte Arr BI","RteFte Arrendamientos Bienes Inmuebles (-3.5%)"
,,,,,,,,,"tax","invoice","co_puc_243530",,,,
,,,,,,,,,"base","refund",,,,,
,,,,,,,,,"tax","refund","co_puc_243530",,,,
"l10n_co_tax_31",1,"7% RteFte G F",-7,"percent","purchase","tax_group_r_ren_7","False",,"base","invoice",,"RteFte General Financial Income (-7%) ","-7%","7% RteFte Rend Fin Gles","RteFte Rendimientos Financieros Generales (-7%)"
,,,,,,,,,"tax","invoice","co_puc_243535",,,,
,,,,,,,,,"base","refund",,,,,
,,,,,,,,,"tax","refund","co_puc_243535",,,,
"l10n_co_tax_32",1,"10% RteFte N",-10,"percent","purchase","tax_group_r_ren_10","False",,"base","invoice",,"RteFte Fees Natural Person (-10%)","-10%","10% RteFte Hon PN","RteFte Honorarios Persona Natural (-10%)"
,,,,,,,,,"tax","invoice","co_puc_243515",,,,
,,,,,,,,,"base","refund",,,,,
,,,,,,,,,"tax","refund","co_puc_243515",,,,
"l10n_co_tax_33",1,"3.5% RteFte IT",-3.5,"percent","purchase","tax_group_r_ren_35","False",,"base","invoice",,"RteFte Web Design and IT Consulting Fees (-3.5%)",-3.5,"3.5% RteFte Hon IT","RteFte Honorarios Diseno Web y Consultoria Informatica (-3.5%)"
,,,,,,,,,"tax","invoice","co_puc_243515",,,,
,,,,,,,,,"base","refund",,,,,
,,,,,,,,,"tax","refund","co_puc_243515",,,,
"l10n_co_tax_34",1,"2.5% RteFte C IMMO",-2.5,"percent","purchase","tax_group_r_ren_25","False",,"base","invoice",,"RteFte Acquisition of Commercial Real Estate (-2.5%)",-2.5,"2.5% RteFte Adq BRC","RteFte Adquisicion de Bienes Raices Comerciales (-2.5%)"
,,,,,,,,,"tax","invoice","co_puc_243540",,,,
,,,,,,,,,"base","refund",,,,,
,,,,,,,,,"tax","refund","co_puc_243540",,,,
"l10n_co_tax_35",1,"3.5% RteFte NR",-3.5,"percent","purchase","tax_group_r_ren_35","False",,"base","invoice",,"RteFte Non-reporting Purchases (-3.5%) ","-3.5%","3.5% RteFte NR","RteFte Compras No Declarantes (-3.5%)"
,,,,,,,,,"tax","invoice","co_puc_243540",,,,
,,,,,,,,,"base","refund",,,,,
,,,,,,,,,"tax","refund","co_puc_243540",,,,
"l10n_co_tax_36",1,"11% RteFte C L E",-11,"percent","purchase","tax_group_r_ren_11","False",,"base","invoice",,"RteFte Commissions Legal Entity (-11%) ","-11%","11% RteFte Com PJ","RteFte Comisiones Persona Juridica (-11%)"
,,,,,,,,,"tax","invoice","co_puc_243520",,,,
,,,,,,,,,"base","refund",,,,,
,,,,,,,,,"tax","refund","co_puc_243520",,,,
"l10n_co_tax_37",1,"1.5% RteFte A",-1.5,"percent","purchase","tax_group_r_ren_15","False",,"base","invoice",,"RteFte Purchases of Agricultural Goods (-1.5%)","-1.5%","1.5% RteFte BA","RteFte Compras Bienes Agricolas (-1.5%)"
,,,,,,,,,"tax","invoice","co_puc_243540",,,,
,,,,,,,,,"base","refund",,,,,
,,,,,,,,,"tax","refund","co_puc_243540",,,,
"l10n_co_tax_38",1,"3.5% RteFte T",-3.5,"percent","purchase","tax_group_r_ren_35","False",,"base","invoice",,"RteFte National Land Transportation Service Passengers (-3.5%)","-3.5%","3.5% RteFte Serv Trans TN","RteFte Servicio Transporte Terrestre Nacional Pasajeros (-3.5%)"
,,,,,,,,,"tax","invoice","co_puc_243525",,,,
,,,,,,,,,"base","refund",,,,,
,,,,,,,,,"tax","refund","co_puc_243525",,,,
"l10n_co_tax_39",1,"1% RteFte T E S",-1,"percent","purchase","tax_group_r_ren_11","False",,"base","invoice",,"RteFte Temporary Employment Services (On AIU) (-1%)","-1%","1% RteFte Serv Temp Emp","RteFte Servicio Temporales de Empleo (Sobre AIU) (-1%)"
,,,,,,,,,"tax","invoice","co_puc_243525",,,,
,,,,,,,,,"base","refund",,,,,
,,,,,,,,,"tax","refund","co_puc_243525",,,,
"l10n_co_tax_40",1,"11% RteFte F L E",-11,"percent","purchase","tax_group_r_ren_11","False",,"base","invoice",,"RteFte Fees Legal Entity (-11%)","-11%","11% RteFte Hon PJ","RteFte Honorarios Persona Juridica (-11%)"
,,,,,,,,,"tax","invoice","co_puc_243515",,,,
,,,,,,,,,"base","refund",,,,,
,,,,,,,,,"tax","refund","co_puc_243515",,,,
"l10n_co_tax_41",1,"2% RteFte H",-2,"percent","purchase","tax_group_r_ren_2","False",,"base","invoice",,"RteFte Integral Health Services (-2%)","-2%","2% RteFte Serv Int S","RteFte Servicio Integrales de Salud (-2%)"
,,,,,,,,,"tax","invoice","co_puc_243525",,,,
,,,,,,,,,"base","refund",,,,,
,,,,,,,,,"tax","refund","co_puc_243525",,,,
"l10n_co_tax_42",1,"3.5% RteFte H R",-3.5,"percent","purchase","tax_group_r_ren_35","False",,"base","invoice",,"RteFte Hotel and Restaurant Services (-3.5%)","-3.5%","3.5% RteFte Serv Hot y Res","RteFte Servicio de Hoteles y Restaurantes (-3.5%)"
,,,,,,,,,"tax","invoice","co_puc_243525",,,,
,,,,,,,,,"base","refund",,,,,
,,,,,,,,,"tax","refund","co_puc_243525",,,,
"l10n_co_tax_43",1,"0% RteICA",0,"percent","purchase","tax_group_r_ica_0","False",,"base","invoice",,"RteICA","0%","0% RteICA","RteICA"
,,,,,,,,,"tax","invoice",,,,,
,,,,,,,,,"base","refund",,,,,
,,,,,,,,,"tax","refund",,,,,
"l10n_co_tax_44",1,"0.69% RteICA",-0.69,"percent","purchase","tax_group_r_ica_069","False",,"base","invoice",,"RteICA (-0.69%)",-0.69,"0.69% RteICA","RteICA (-0.69%)"
,,,,,,,,,"tax","invoice","co_puc_243575",,,,
,,,,,,,,,"base","refund",,,,,
,,,,,,,,,"tax","refund","co_puc_243575",,,,
"l10n_co_tax_45",1,"1.104% RteICA",-1.104,"percent","purchase","tax_group_r_ica_1104","False",,"base","invoice",,"RteICA (-1.104%)","-1.104%","1.104% RteICA","RteICA (-1.104%)"
,,,,,,,,,"tax","invoice","co_puc_243575",,,,
,,,,,,,,,"base","refund",,,,,
,,,,,,,,,"tax","refund","co_puc_243575",,,,
"l10n_co_tax_46",1,"0.414% RteICA",-0.414,"percent","purchase","tax_group_r_ica_0414","False",,"base","invoice",,"RteICA (-0.414%)","-0.414%","0.414% RteICA","RteICA (-0.414%)"
,,,,,,,,,"tax","invoice","co_puc_243575",,,,
,,,,,,,,,"base","refund",,,,,
,,,,,,,,,"tax","refund","co_puc_243575",,,,
"l10n_co_tax_47",1,"1.38% RteICA",-1.38,"percent","purchase","tax_group_r_ica_138","False",,"base","invoice",,"RteICA (-1.38%)","-1.38%","1.38% RteICA","RteICA (-1.38%)"
,,,,,,,,,"tax","invoice","co_puc_243575",,,,
,,,,,,,,,"base","refund",,,,,
,,,,,,,,,"tax","refund","co_puc_243575",,,,
"l10n_co_tax_48",1,"0.966% RteICA",-0.966,"percent","purchase","tax_group_r_ica_0966","False",,"base","invoice",,"RteICA (-0.966%)","-0.966%","0.966% RteICA","RteICA (-0.966%)"
,,,,,,,,,"tax","invoice","co_puc_243575",,,,
,,,,,,,,,"base","refund",,,,,
,,,,,,,,,"tax","refund","co_puc_243575",,,,
"l10n_co_tax_49",1,"19% RC",19,"group","purchase","tax_group_iva_19","False","l10n_co_tax_1,l10n_co_tax_12",,,,"VAT Purchase 19% RC","19%","19% RC","IVA Compra 19% RC"
"l10n_co_tax_50",1,"19% RS",19,"group","purchase","tax_group_iva_19","False","l10n_co_tax_12,l10n_co_tax_15",,,,"VAT Purchase 19% RS","19%","19% RS","IVA Compra 19% RS"
"l10n_co_tax_51",1,"5% RS",5,"group","purchase","tax_group_iva_5","False","l10n_co_tax_13,l10n_co_tax_14",,,,"VAT Purchase 5% RS","5%","5% RS","IVA Compra 5% RS"
"l10n_co_tax_52",1,"5% RC",5,"group","purchase","tax_group_iva_5","False","l10n_co_tax_0,l10n_co_tax_13",,,,"VAT Purchase 5% RC","5%","5% RC","IVA Compra 5% RC"
"l10n_co_tax_8",0,"19%",19,"percent","sale","tax_group_iva_19","False",,"base","invoice",,"VAT Sales 19%","19%","19% IVA","IVA Ventas 19%"
,,,,,,,,,"tax","invoice","co_puc_244010",,,,
,,,,,,,,,"base","refund",,,,,
,,,,,,,,,"tax","refund","co_puc_244010",,,,
"l10n_co_tax_9",1,"5%",5,"percent","sale","tax_group_iva_5","False",,"base","invoice",,"VAT Sales 5%","5%","5% IVA","IVA Ventas 5%"
,,,,,,,,,"tax","invoice","co_puc_244010",,,,
,,,,,,,,,"base","refund",,,,,
,,,,,,,,,"tax","refund","co_puc_244010",,,,
"l10n_co_tax_4",1,"16% D",16,"percent","sale","tax_group_iva_16","False",,"base","invoice",,"VAT Sales Refunds 16% 2016","16%","16% Dev","IVA Devoluciones Ventas 16% 2016"
,,,,,,,,,"tax","invoice",,,,,
,,,,,,,,,"base","refund",,,,,
,,,,,,,,,"tax","refund",,,,,
"l10n_co_tax_10",1,"0% EXEMPT",0,"percent","sale","tax_group_iva_0","False",,"base","invoice",,"VAT Exempt","0%","0% IVA Ee","IVA Exento"
,,,,,,,,,"tax","invoice",,,,,
,,,,,,,,,"base","refund",,,,,
,,,,,,,,,"tax","refund",,,,,
"l10n_co_tax_11",1,"0% E",0,"percent","sale","tax_group_iva_0","False",,"base","invoice",,"VAT Excluded","0%","0% IVA Exc","IVA Excluido"
,,,,,,,,,"tax","invoice",,,,,
,,,,,,,,,"base","refund",,,,,
,,,,,,,,,"tax","refund",,,,,
"l10n_co_tax_53",1,"2.5% RteFte",-2.5,"percent","sale","tax_group_r_ren_25","False",,"base","invoice",,"RteFte -2.5% Sales","-2.5%","2.5% RteFte","RteFte -2.50% Ventas"
,,,,,,,,,"tax","invoice","co_puc_164010",,,,
,,,,,,,,,"base","refund",,,,,
,,,,,,,,,"tax","refund","co_puc_164010",,,,
"l10n_co_tax_54",1,"3.50% RteFte",-3.5,"percent","sale","tax_group_r_ren_35","False",,"base","invoice",,"RteFte -3.50% Sales","-3.5%","3.50% RteFte","RteFte -3.50% Ventas"
,,,,,,,,,"tax","invoice","co_puc_164010",,,,
,,,,,,,,,"base","refund",,,,,
,,,,,,,,,"tax","refund","co_puc_164010",,,,
"l10n_co_tax_55",1,"15% RteVAT 5%",-0.75,"percent","sale","tax_group_r_iva_075","False",,"base","invoice",,"RteVAT 15% over 5% VAT Sales","-0.75%","15% RteIVA 5%","RteIVA 15% sobre el 5% IVA Ventas"
,,,,,,,,,"tax","invoice","co_puc_164015",,,,
,,,,,,,,,"base","refund",,,,,
,,,,,,,,,"tax","refund","co_puc_164015",,,,
"l10n_co_tax_56",1,"15% RteVAT 19%",-2.85,"percent","sale","tax_group_r_iva_285","False",,"base","invoice",,"RteVAT 15% over 19% VAT Sales","-2.85%","15%  RteIVA 19%","RteIVA 15% sobre el 19% IVA Ventas"
,,,,,,,,,"tax","invoice","co_puc_164015",,,,
,,,,,,,,,"base","refund",,,,,
,,,,,,,,,"tax","refund","co_puc_164015",,,,
"l10n_co_tax_57",1,"0.414% RteICA",-0.414,"percent","sale","tax_group_r_ica_0414","False",,"base","invoice",,"RteICA -0.414% Sales","-0.414%","0.414% RteICA","RteICA -0.414% Ventas"
,,,,,,,,,"tax","invoice","co_puc_164020",,,,
,,,,,,,,,"base","refund",,,,,
,,,,,,,,,"tax","refund","co_puc_164020",,,,
"l10n_co_tax_58",1,"0.966% RteICA",-0.966,"percent","sale","tax_group_r_ica_0966","False",,"base","invoice",,"RteICA -0.966% Sales","-0.966%","0.966% RteICA","RteICA -0.966% Ventas"
,,,,,,,,,"tax","invoice","co_puc_164020",,,,
,,,,,,,,,"base","refund",,,,,
,,,,,,,,,"tax","refund","co_puc_164020",,,,
"l10n_co_tax_covered_goods",1,"0% C A",0,"percent","sale","tax_group_covered_goods","False",,"base","invoice",,"Covered Assets","0%","0% BC","Bienes Cubiertos"
,,,,,,,,,"tax","invoice",,,,,
,,,,,,,,,"base","refund",,,,,
,,,,,,,,,"tax","refund",,,,,
