id,name,code,chart_template_id/id,account_credit/id,account_debit/id
hr_salary_rule_DAYS_niif_solidario,Days,DAYS,l10n_co_account.chart_template_niif_solidario,,
hr_salary_rule_SMMLV_niif_solidario,Minimun Salary,SMMLV,l10n_co_account.chart_template_niif_solidario,,
hr_salary_rule_UVT_niif_solidario,Unit Value Tax,UVT,l10n_co_account.chart_template_niif_solidario,,
hr_salary_rule_BASIC_niif_solidario,Basic Salary,BASIC,l10n_co_account.chart_template_niif_solidario,,
hr_salary_rule_BAS_SAL_niif_solidario,Salary,BAS_SAL,l10n_co_account.chart_template_niif_solidario,l10n_co_account.niif_sol_271005,l10n_co_account.niif_sol_510503
hr_salary_rule_INT_SAL_niif_solidario,Integral Salary,INT_SAL,l10n_co_account.chart_template_niif_solidario,l10n_co_account.niif_sol_271005,l10n_co_account.niif_sol_510501
hr_salary_rule_MAT_niif_solidario,Maternity License,MAT,l10n_co_account.chart_template_niif_solidario,l10n_co_account.niif_sol_271005,l10n_co_account.niif_sol_166050
hr_salary_rule_VAC_niif_solidario,Vacations,VAC,l10n_co_account.chart_template_niif_solidario,l10n_co_account.niif_sol_271005,l10n_co_account.niif_sol_510516
hr_salary_rule_SAL_ADJ_niif_solidario,Salary Adjust,SAL_ADJ,l10n_co_account.chart_template_niif_solidario,l10n_co_account.niif_sol_271005,l10n_co_account.niif_sol_510503
hr_salary_rule_UNI_PER_niif_solidario,Union Permit,UNI_PER,l10n_co_account.chart_template_niif_solidario,l10n_co_account.niif_sol_271005,l10n_co_account.niif_sol_510503
hr_salary_rule_PAI_LEA_niif_solidario,Paid Leave,PAI_LEA,l10n_co_account.chart_template_niif_solidario,l10n_co_account.niif_sol_271005,l10n_co_account.niif_sol_510503
hr_salary_rule_ENT_niif_solidario,Extra Night Time,ENT,l10n_co_account.chart_template_niif_solidario,l10n_co_account.niif_sol_271005,l10n_co_account.niif_sol_510505
hr_salary_rule_ENT_SH_niif_solidario,Extra Night Time Domincal And Hollidays,ENT_SH,l10n_co_account.chart_template_niif_solidario,l10n_co_account.niif_sol_271005,l10n_co_account.niif_sol_510505
hr_salary_rule_NS_niif_solidario,Night Surcharge,NS,l10n_co_account.chart_template_niif_solidario,l10n_co_account.niif_sol_271005,l10n_co_account.niif_sol_510505
hr_salary_rule_COM_niif_solidario,Commissions,COM,l10n_co_account.chart_template_niif_solidario,l10n_co_account.niif_sol_271005,l10n_co_account.niif_sol_510506
hr_salary_rule_ARL_INA_niif_solidario,ARL Inability,ARL_INA,l10n_co_account.chart_template_niif_solidario,l10n_co_account.niif_sol_271005,l10n_co_account.niif_sol_166050
hr_salary_rule_EPS_INA_niif_solidario,EPS Inability,EPS_INA,l10n_co_account.chart_template_niif_solidario,l10n_co_account.niif_sol_271005,l10n_co_account.niif_sol_166050
hr_salary_rule_EPS_INA_180_niif_solidario,EPS Inability > 180 Days,EPS_INA_180,l10n_co_account.chart_template_niif_solidario,l10n_co_account.niif_sol_271005,l10n_co_account.niif_sol_166050
hr_salary_rule_SH_niif_solidario,Sunday And Holidays Surcharge,SH,l10n_co_account.chart_template_niif_solidario,l10n_co_account.niif_sol_271005,l10n_co_account.niif_sol_510505
hr_salary_rule_LEAVE110_niif_solidario,Sick Time Off,LEAVE110,l10n_co_account.chart_template_niif_solidario,l10n_co_account.niif_sol_271005,l10n_co_account.niif_sol_166050
hr_salary_rule_SUB_niif_solidario,Not Salary Subsidy,SUB,l10n_co_account.chart_template_niif_solidario,l10n_co_account.niif_sol_271005,l10n_co_account.niif_sol_510522
hr_salary_rule_TOT_INC_niif_solidario,Total Income,TOT_INC,l10n_co_account.chart_template_niif_solidario,,
hr_salary_rule_EDT_niif_solidario,Extra Day Time,EDT,l10n_co_account.chart_template_niif_solidario,l10n_co_account.niif_sol_271005,l10n_co_account.niif_sol_510505
hr_salary_rule_EDT_SH_niif_solidario,Extra Day Time Dominical And Hollidays,EDT_SH,l10n_co_account.chart_template_niif_solidario,l10n_co_account.niif_sol_271005,l10n_co_account.niif_sol_510505
hr_salary_rule_EPS_INA_180_SUB_niif_solidario,EPS Inability > 180 Days Subsidy,EPS_INA_180_SUB,l10n_co_account.chart_template_niif_solidario,l10n_co_account.niif_sol_271005,l10n_co_account.niif_sol_166050
hr_salary_rule_TRA_ASI_niif_solidario,Transport Assistance,TRA_ASI,l10n_co_account.chart_template_niif_solidario,l10n_co_account.niif_sol_271005,l10n_co_account.niif_sol_510509
hr_salary_rule_EPS_INA_SUB_niif_solidario,EPS Inability Subsidy,EPS_INA_SUB,l10n_co_account.chart_template_niif_solidario,l10n_co_account.niif_sol_271005,l10n_co_account.niif_sol_510508
hr_salary_rule_EPS_PER_niif_solidario,EPS Permit,EPS_PER,l10n_co_account.chart_template_niif_solidario,l10n_co_account.niif_sol_271005,l10n_co_account.niif_sol_510508
hr_salary_rule_TOT_OTH_INC_niif_solidario,Total Other Incomes,TOT_OTH_INC,l10n_co_account.chart_template_niif_solidario,,
hr_salary_rule_BIR_ASI_niif_solidario,Birth Assistance,BIR_ASI,l10n_co_account.chart_template_niif_solidario,l10n_co_account.niif_sol_271005,l10n_co_account.niif_sol_510522
hr_salary_rule_CLO_ASI_niif_solidario,Clothe Assistance,CLO_ASI,l10n_co_account.chart_template_niif_solidario,l10n_co_account.niif_sol_271005,l10n_co_account.niif_sol_510521
hr_salary_rule_CON_ASI_niif_solidario,Conveyance Assistance,CON_ASI,l10n_co_account.chart_template_niif_solidario,l10n_co_account.niif_sol_271005,l10n_co_account.niif_sol_510522
hr_salary_rule_DEA_ASI_niif_solidario,Death Assistance,DEA_ASI,l10n_co_account.chart_template_niif_solidario,l10n_co_account.niif_sol_271005,l10n_co_account.niif_sol_510522
hr_salary_rule_EDU_ASI_niif_solidario,Educational Assistance,EDU_ASI,l10n_co_account.chart_template_niif_solidario,l10n_co_account.niif_sol_271005,l10n_co_account.niif_sol_510522
hr_salary_rule_FED_ASI_niif_solidario,Feed Assistance,FED_ASI,l10n_co_account.chart_template_niif_solidario,l10n_co_account.niif_sol_271005,l10n_co_account.niif_sol_510522
hr_salary_rule_HOU_ASI_niif_solidario,Housing Assistance,HOU_ASI,l10n_co_account.chart_template_niif_solidario,l10n_co_account.niif_sol_271005,l10n_co_account.niif_sol_510522
hr_salary_rule_LAB_LOA_ASI_niif_solidario,Labor Loan Assistance,LAB_LOA_ASI,l10n_co_account.chart_template_niif_solidario,l10n_co_account.niif_sol_271005,l10n_co_account.niif_sol_510522
hr_salary_rule_MAI_ASI_niif_solidario,Maintenance Assistance,MAI_ASI,l10n_co_account.chart_template_niif_solidario,l10n_co_account.niif_sol_271005,l10n_co_account.niif_sol_510522
hr_salary_rule_OPT_ASI_niif_solidario,Optical Assistance,OPT_ASI,l10n_co_account.chart_template_niif_solidario,l10n_co_account.niif_sol_271005,l10n_co_account.niif_sol_510522
hr_salary_rule_OTH_ASI_niif_solidario,Other Educational Assistance,OTH_ASI,l10n_co_account.chart_template_niif_solidario,l10n_co_account.niif_sol_271005,l10n_co_account.niif_sol_510522
hr_salary_rule_OTH_BON_niif_solidario,Other Bonus,OTH_BON,l10n_co_account.chart_template_niif_solidario,l10n_co_account.niif_sol_271005,l10n_co_account.niif_sol_510522
hr_salary_rule_PAR_ASI_niif_solidario,Child Educational Assistance,PAR_ASI,l10n_co_account.chart_template_niif_solidario,l10n_co_account.niif_sol_271005,l10n_co_account.niif_sol_510522
hr_salary_rule_PRA_ASI_niif_solidario,Practitioners Assistance,PRA_ASI,l10n_co_account.chart_template_niif_solidario,l10n_co_account.niif_sol_271005,l10n_co_account.niif_sol_510522
hr_salary_rule_PRA_TRA_ASI_niif_solidario,Practitioners Transport Assistance,PRA_TRA_ASI,l10n_co_account.chart_template_niif_solidario,l10n_co_account.niif_sol_271005,l10n_co_account.niif_sol_510522
hr_salary_rule_PRE_ASI_niif_solidario,Prescolar Educational Assistance,PRE_ASI,l10n_co_account.chart_template_niif_solidario,l10n_co_account.niif_sol_271005,l10n_co_account.niif_sol_510522
hr_salary_rule_PRI_ASI_niif_solidario,Primary Educational Assistance,PRI_ASI,l10n_co_account.chart_template_niif_solidario,l10n_co_account.niif_sol_271005,l10n_co_account.niif_sol_510522
hr_salary_rule_PRO_PRE_ASI_niif_solidario,Production Premium Assistance,PRO_PRE_ASI,l10n_co_account.chart_template_niif_solidario,l10n_co_account.niif_sol_271005,l10n_co_account.niif_sol_510522
hr_salary_rule_SAL_ASI_niif_solidario,Assistance / Subsidies,SAL_ASI,l10n_co_account.chart_template_niif_solidario,l10n_co_account.niif_sol_271005,l10n_co_account.niif_sol_510522
hr_salary_rule_SEC_ASI_niif_solidario,Secondary Educational Assistance,SEC_ASI,l10n_co_account.chart_template_niif_solidario,l10n_co_account.niif_sol_271005,l10n_co_account.niif_sol_510522
hr_salary_rule_SPE_ASI_niif_solidario,Special Educational Assistance,SPE_ASI,l10n_co_account.chart_template_niif_solidario,l10n_co_account.niif_sol_271005,l10n_co_account.niif_sol_510522
hr_salary_rule_TEC_ASI_niif_solidario,Tecnical Educational Assistance,TEC_ASI,l10n_co_account.chart_template_niif_solidario,l10n_co_account.niif_sol_271005,l10n_co_account.niif_sol_510522
hr_salary_rule_UNI_ASI_niif_solidario,University Educational Assistance,UNI_ASI,l10n_co_account.chart_template_niif_solidario,l10n_co_account.niif_sol_271005,l10n_co_account.niif_sol_510522
hr_salary_rule_VIA_niif_solidario,Viatics,VIA,l10n_co_account.chart_template_niif_solidario,l10n_co_account.niif_sol_271005,l10n_co_account.niif_sol_510507
hr_salary_rule_BON_niif_solidario,Bonus,BON,l10n_co_account.chart_template_niif_solidario,l10n_co_account.niif_sol_271005,l10n_co_account.niif_sol_510519
hr_salary_rule_TOT_AUX_niif_solidario,Total Assistance,TOT_AUX,l10n_co_account.chart_template_niif_solidario,,
hr_salary_rule_AFC_niif_solidario,AFC,AFC,l10n_co_account.chart_template_niif_solidario,l10n_co_account.niif_sol_271005,l10n_co_account.niif_sol_510510
hr_salary_rule_PRM_niif_solidario,Service Premiun,PRM,l10n_co_account.chart_template_niif_solidario,l10n_co_account.niif_sol_271005,l10n_co_account.niif_sol_510512
hr_salary_rule_AFC_INT_niif_solidario,AFC Interest,AFC_INT,l10n_co_account.chart_template_niif_solidario,l10n_co_account.niif_sol_271005,l10n_co_account.niif_sol_510511
hr_salary_rule_GROSS_niif_solidario,GROSS,GROSS,l10n_co_account.chart_template_niif_solidario,,
hr_salary_rule_IBC_SS_niif_solidario,IBC Social Security,IBC_SS,l10n_co_account.chart_template_niif_solidario,,
hr_salary_rule_IBC_SA_niif_solidario,IBC Social Allowance,IBC_SA,l10n_co_account.chart_template_niif_solidario,,
hr_salary_rule_VAC_MON_niif_solidario,Vacation In Money,VAC_MON,l10n_co_account.chart_template_niif_solidario,l10n_co_account.niif_sol_271005,l10n_co_account.niif_sol_510516
hr_salary_rule_LST_AVG_INC_niif_solidario,Last Average Income,LST_AVG_INC,l10n_co_account.chart_template_niif_solidario,,
hr_salary_rule_LST_ONE_AVG_INC_niif_solidario,Last One Average Income,LST_ONE_AVG_INC,l10n_co_account.chart_template_niif_solidario,,
hr_salary_rule_LST_SIX_AVG_INC_niif_solidario,Last Six Average Income,LST_SIX_AVG_INC,l10n_co_account.chart_template_niif_solidario,,
hr_salary_rule_LST_TWE_AVG_INC_niif_solidario,List Twelve Average Income,LST_TWE_AVG_INC,l10n_co_account.chart_template_niif_solidario,,
hr_salary_rule_SRC_RET_VAL_niif_solidario,Source Retention Value,SRC_RET_VAL,l10n_co_account.chart_template_niif_solidario,,
hr_salary_rule_AFP_niif_solidario,Pension Contribution,AFP,l10n_co_account.chart_template_niif_solidario,l10n_co_account.niif_sol_245010,l10n_co_account.niif_sol_271005
hr_salary_rule_EPS_niif_solidario,Health Contribution,EPS,l10n_co_account.chart_template_niif_solidario,l10n_co_account.niif_sol_245005,l10n_co_account.niif_sol_271005
hr_salary_rule_RET_FTE_niif_solidario,Source Retention,RET_FTE,l10n_co_account.chart_template_niif_solidario,l10n_co_account.niif_sol_243505,l10n_co_account.niif_sol_271005
hr_salary_rule_FUN_niif_solidario,Solidarity Fund,SOL_FUN,l10n_co_account.chart_template_niif_solidario,l10n_co_account.niif_sol_245010,l10n_co_account.niif_sol_271005
hr_salary_rule_FSP_niif_solidario,Pension Solidarity Fund,FSP,l10n_co_account.chart_template_niif_solidario,l10n_co_account.niif_sol_245010,l10n_co_account.niif_sol_271005
hr_salary_rule_AFP_VOL_niif_solidario,AFP Volunteer,AFP_VOL,l10n_co_account.chart_template_niif_solidario,l10n_co_account.niif_sol_245010,l10n_co_account.niif_sol_271005
hr_salary_rule_FUN_INS_niif_solidario,Funeral Insurance,FUN_INS,l10n_co_account.chart_template_niif_solidario,l10n_co_account.niif_sol_241010,l10n_co_account.niif_sol_271005
hr_salary_rule_INS_niif_solidario,Insurance,INS,l10n_co_account.chart_template_niif_solidario,l10n_co_account.niif_sol_241010,l10n_co_account.niif_sol_271005
hr_salary_rule_INS_LOA_niif_solidario,Institutional Loan,INS_LOA,l10n_co_account.chart_template_niif_solidario,l10n_co_account.niif_sol_271005,l10n_co_account.niif_sol_271005
hr_salary_rule_LAB_LOA_niif_solidario,Labor Loan,LAB_LOA,l10n_co_account.chart_template_niif_solidario,l10n_co_account.niif_sol_271005,l10n_co_account.niif_sol_271005
hr_salary_rule_LOA_niif_solidario,Loan,LOA,l10n_co_account.chart_template_niif_solidario,l10n_co_account.niif_sol_271005,l10n_co_account.niif_sol_271005
hr_salary_rule_OTH_INS_niif_solidario,Other Insurance,OTH_INS,l10n_co_account.chart_template_niif_solidario,l10n_co_account.niif_sol_271005,l10n_co_account.niif_sol_271005
hr_salary_rule_CAL_LOA_niif_solidario,Calamity Loan,CAL_LOA,l10n_co_account.chart_template_niif_solidario,l10n_co_account.niif_sol_271005,l10n_co_account.niif_sol_271005
hr_salary_rule_CAR_LOA_niif_solidario,Car Loan,CAR_LOA,l10n_co_account.chart_template_niif_solidario,l10n_co_account.niif_sol_271005,l10n_co_account.niif_sol_271005
hr_salary_rule_COO_niif_solidario,Cooperative,COO,l10n_co_account.chart_template_niif_solidario,l10n_co_account.niif_sol_271005,l10n_co_account.niif_sol_271005
hr_salary_rule_CTY_UNI_niif_solidario,City Union,CTY_UNI,l10n_co_account.chart_template_niif_solidario,l10n_co_account.niif_sol_271005,l10n_co_account.niif_sol_271005
hr_salary_rule_EDU_LOA_niif_solidario,Educational Loan,EDU_LOA,l10n_co_account.chart_template_niif_solidario,l10n_co_account.niif_sol_271005,l10n_co_account.niif_sol_271005
hr_salary_rule_EXE_JUD_niif_solidario,Execut Judicial,EXE_JUD,l10n_co_account.chart_template_niif_solidario,l10n_co_account.niif_sol_271005,l10n_co_account.niif_sol_271005
hr_salary_rule_FEE_JUD_niif_solidario,Feed Judicial,FEE_JUD,l10n_co_account.chart_template_niif_solidario,l10n_co_account.niif_sol_271005,l10n_co_account.niif_sol_271005
hr_salary_rule_FON_niif_solidario,Employee Association,FON,l10n_co_account.chart_template_niif_solidario,l10n_co_account.niif_sol_271005,l10n_co_account.niif_sol_271005
hr_salary_rule_HOU_LOA_niif_solidario,Housing Loan,HOU_LOA,l10n_co_account.chart_template_niif_solidario,l10n_co_account.niif_sol_271005,l10n_co_account.niif_sol_271005
hr_salary_rule_IND_UNI_niif_solidario,Industry Union,IND_UNI,l10n_co_account.chart_template_niif_solidario,l10n_co_account.niif_sol_271005,l10n_co_account.niif_sol_271005
hr_salary_rule_MED_LOA_niif_solidario,Medical Loan,MED_LOA,l10n_co_account.chart_template_niif_solidario,l10n_co_account.niif_sol_271005,l10n_co_account.niif_sol_271005
hr_salary_rule_OTH_ASO_niif_solidario,Other Association,OTH_ASO,l10n_co_account.chart_template_niif_solidario,l10n_co_account.niif_sol_271005,l10n_co_account.niif_sol_271005
hr_salary_rule_OTH_DIS_niif_solidario,Other Discount,OTH_DIS,l10n_co_account.chart_template_niif_solidario,l10n_co_account.niif_sol_271005,l10n_co_account.niif_sol_271005
hr_salary_rule_OTH_JUD_niif_solidario,Other Judicial,OTH_JUD,l10n_co_account.chart_template_niif_solidario,l10n_co_account.niif_sol_271005,l10n_co_account.niif_sol_271005
hr_salary_rule_OTH_LOA_niif_solidario,Other Loan,OTH_LOA,l10n_co_account.chart_template_niif_solidario,l10n_co_account.niif_sol_271005,l10n_co_account.niif_sol_271005
hr_salary_rule_OTH_UNI_niif_solidario,Other Union,OTH_UNI,l10n_co_account.chart_template_niif_solidario,l10n_co_account.niif_sol_271005,l10n_co_account.niif_sol_271005
hr_salary_rule_POS_CON_LOA_niif_solidario,POS Consume Loan,POS_CON_LOA,l10n_co_account.chart_template_niif_solidario,l10n_co_account.niif_sol_271005,l10n_co_account.niif_sol_271005
hr_salary_rule_REC_LOA_niif_solidario,Recreation Loan,REC_LOA,l10n_co_account.chart_template_niif_solidario,l10n_co_account.niif_sol_271005,l10n_co_account.niif_sol_271005
hr_salary_rule_REG_UNI_niif_solidario,Region Union,REG_UNI,l10n_co_account.chart_template_niif_solidario,l10n_co_account.niif_sol_271005,l10n_co_account.niif_sol_271005
hr_salary_rule_SEC_UNI_niif_solidario,Sector Union,SEC_UNI,l10n_co_account.chart_template_niif_solidario,l10n_co_account.niif_sol_271005,l10n_co_account.niif_sol_271005
hr_salary_rule_SUB_UNI_niif_solidario,Subsector Union,SUB_UNI,l10n_co_account.chart_template_niif_solidario,l10n_co_account.niif_sol_271005,l10n_co_account.niif_sol_271005
hr_salary_rule_VAR_LOA_niif_solidario,Variety Loan,VAR_LOA,l10n_co_account.chart_template_niif_solidario,l10n_co_account.niif_sol_271005,l10n_co_account.niif_sol_271005
hr_salary_rule_TOT_DED_niif_solidario,Total Deductions,TOT_DED,l10n_co_account.chart_template_niif_solidario,,
hr_salary_rule_TOT_DIS_niif_solidario,Total Discounts,TOT_DIS,l10n_co_account.chart_template_niif_solidario,,
hr_salary_rule_TOT_PAY_niif_solidario,TOTAL TO PAY,TOT_PAY,l10n_co_account.chart_template_niif_solidario,,
hr_salary_rule_EPS_PAT_niif_solidario,Employer Health Contribution,EPS_PAT,l10n_co_account.chart_template_niif_solidario,l10n_co_account.niif_sol_271005,l10n_co_account.niif_sol_510523
hr_salary_rule_AFP_PAT_niif_solidario,Employer Pension Contribution,AFP_PAT,l10n_co_account.chart_template_niif_solidario,l10n_co_account.niif_sol_271005,l10n_co_account.niif_sol_510524
hr_salary_rule_AFC_DED_niif_solidario,AFC Deduction,AFC_DED,l10n_co_account.chart_template_niif_solidario,,
hr_salary_rule_AFP_DED_niif_solidario,AFP Deduction,AFP_DED,l10n_co_account.chart_template_niif_solidario,,
hr_salary_rule_DEP_DED_niif_solidario,Dependant Deduction,DEP_DED,l10n_co_account.chart_template_niif_solidario,,
hr_salary_rule_HOU_DED_niif_solidario,Interest Deduction,HOU_DED,l10n_co_account.chart_template_niif_solidario,,
hr_salary_rule_KND_niif_solidario,Payment In Kind,KND,l10n_co_account.chart_template_niif_solidario,,
hr_salary_rule_MED_DED_niif_solidario,Medical Deduction,MED_DED,l10n_co_account.chart_template_niif_solidario,,
hr_salary_rule_OTH_DED_niif_solidario,Other Excempt Incomes,OTH_DED,l10n_co_account.chart_template_niif_solidario,,
hr_salary_rule_OTH_EXC_niif_solidario,Other Excempt Incomes,OTH_EXC,l10n_co_account.chart_template_niif_solidario,,
hr_salary_rule_VOL_DED_niif_solidario,Volunteer Deduction,VOL_DED,l10n_co_account.chart_template_niif_solidario,,
hr_salary_rule_BAS_RET_niif_solidario,Base Retention,BAS_RET,l10n_co_account.chart_template_niif_solidario,,
hr_salary_rule_SRC_RET_niif_solidario,Source Retention,SRC_RET,l10n_co_account.chart_template_niif_solidario,l10n_co_account.niif_sol_243505,l10n_co_account.niif_sol_271005
hr_salary_rule_ARL_niif_solidario,Professional Risk,ARL,l10n_co_account.chart_template_niif_solidario,l10n_co_account.niif_sol_271005,l10n_co_account.niif_sol_510525
hr_salary_rule_CCF_niif_solidario,Familiar Compensation Cash,CCF,l10n_co_account.chart_template_niif_solidario,l10n_co_account.niif_sol_271005,l10n_co_account.niif_sol_510526
hr_salary_rule_ICBF_niif_solidario,Colombian Familiar Wellness Institute,ICBF,l10n_co_account.chart_template_niif_solidario,l10n_co_account.niif_sol_271005,l10n_co_account.niif_sol_510527
hr_salary_rule_SENA_niif_solidario,Learning National Service,SENA,l10n_co_account.chart_template_niif_solidario,l10n_co_account.niif_sol_271005,l10n_co_account.niif_sol_510528
hr_salary_rule_TOT_CON_niif_solidario,Total Contributions,TOT_CON,l10n_co_account.chart_template_niif_solidario,,
hr_salary_rule_PRM_ACR_niif_solidario,Premium Accrued,PRM_ACR,l10n_co_account.chart_template_niif_solidario,l10n_co_account.niif_sol_271005,l10n_co_account.niif_sol_510512
hr_salary_rule_AFC_ACR_niif_solidario,AFC Accrued,AFC_ACR,l10n_co_account.chart_template_niif_solidario,l10n_co_account.niif_sol_271005,l10n_co_account.niif_sol_510510
hr_salary_rule_AFC_INT_ACR_niif_solidario,AFC Interest Accrued,AFC_INT_ACR,l10n_co_account.chart_template_niif_solidario,l10n_co_account.niif_sol_271005,l10n_co_account.niif_sol_510510
hr_salary_rule_VAC_ACR_niif_solidario,Vacations Accrued,VAC_ACR,l10n_co_account.chart_template_niif_solidario,l10n_co_account.niif_sol_271005,l10n_co_account.niif_sol_510516
hr_salary_rule_TOT_ACR_niif_solidario,Total Accrue,TOT_ACR,l10n_co_account.chart_template_niif_solidario,,
hr_salary_rule_NET_niif_solidario,NET,NET,l10n_co_account.chart_template_niif_solidario,,
hr_salary_rule_EPS_INA_180_COL_niif_solidario,EPS Inability > 180 Days Collect,EPS_INA_180_COL,l10n_co_account.chart_template_niif_solidario,l10n_co_account.niif_sol_271005,l10n_co_account.niif_sol_510595
hr_salary_rule_EPS_INA_COL_niif_solidario,EPS Inability Collect,EPS_INA_COL,l10n_co_account.chart_template_niif_solidario,l10n_co_account.niif_sol_271005,l10n_co_account.niif_sol_510595
hr_salary_rule_DAYS_comercial,Days,DAYS,l10n_co_account.chart_template_comercial,,
hr_salary_rule_SMMLV_comercial,Minimun Salary,SMMLV,l10n_co_account.chart_template_comercial,,
hr_salary_rule_UVT_comercial,Unit Value Tax,UVT,l10n_co_account.chart_template_comercial,,
hr_salary_rule_BASIC_comercial,Basic Salary,BASIC,l10n_co_account.chart_template_comercial,,
hr_salary_rule_BAS_SAL_comercial,Salary,BAS_SAL,l10n_co_account.chart_template_comercial,l10n_co_account.puc_com_250505,l10n_co_account.puc_com_510506
hr_salary_rule_INT_SAL_comercial,Integral Salary,INT_SAL,l10n_co_account.chart_template_comercial,l10n_co_account.puc_com_250505,l10n_co_account.puc_com_510503
hr_salary_rule_MAT_comercial,Maternity License,MAT,l10n_co_account.chart_template_comercial,l10n_co_account.puc_com_250505,l10n_co_account.puc_com_136095
hr_salary_rule_VAC_comercial,Vacations,VAC,l10n_co_account.chart_template_comercial,l10n_co_account.puc_com_250505,l10n_co_account.puc_com_510539
hr_salary_rule_SAL_ADJ_comercial,Salary Adjust,SAL_ADJ,l10n_co_account.chart_template_comercial,l10n_co_account.puc_com_250505,l10n_co_account.puc_com_510506
hr_salary_rule_UNI_PER_comercial,Union Permit,UNI_PER,l10n_co_account.chart_template_comercial,l10n_co_account.puc_com_250505,l10n_co_account.puc_com_510506
hr_salary_rule_PAI_LEA_comercial,Paid Leave,PAI_LEA,l10n_co_account.chart_template_comercial,l10n_co_account.puc_com_250505,l10n_co_account.puc_com_510506
hr_salary_rule_ENT_comercial,Extra Night Time,ENT,l10n_co_account.chart_template_comercial,l10n_co_account.puc_com_250505,l10n_co_account.puc_com_510515
hr_salary_rule_ENT_SH_comercial,Extra Night Time Domincal And Hollidays,ENT_SH,l10n_co_account.chart_template_comercial,l10n_co_account.puc_com_250505,l10n_co_account.puc_com_510515
hr_salary_rule_NS_comercial,Night Surcharge,NS,l10n_co_account.chart_template_comercial,l10n_co_account.puc_com_250505,l10n_co_account.puc_com_510515
hr_salary_rule_COM_comercial,Commissions,COM,l10n_co_account.chart_template_comercial,l10n_co_account.puc_com_250505,l10n_co_account.puc_com_510518
hr_salary_rule_ARL_INA_comercial,ARL Inability,ARL_INA,l10n_co_account.chart_template_comercial,l10n_co_account.puc_com_250505,l10n_co_account.puc_com_136095
hr_salary_rule_EPS_INA_comercial,EPS Inability,EPS_INA,l10n_co_account.chart_template_comercial,l10n_co_account.puc_com_250505,l10n_co_account.puc_com_136095
hr_salary_rule_EPS_INA_180_comercial,EPS Inability > 180 Days,EPS_INA_180,l10n_co_account.chart_template_comercial,l10n_co_account.puc_com_250505,l10n_co_account.puc_com_136095
hr_salary_rule_SH_comercial,Sunday And Holidays Surcharge,SH,l10n_co_account.chart_template_comercial,l10n_co_account.puc_com_250505,l10n_co_account.puc_com_510515
hr_salary_rule_LEAVE110_comercial,Sick Time Off,LEAVE110,l10n_co_account.chart_template_comercial,l10n_co_account.puc_com_250505,l10n_co_account.puc_com_136095
hr_salary_rule_SUB_comercial,Not Salary Subsidy,SUB,l10n_co_account.chart_template_comercial,l10n_co_account.puc_com_250505,l10n_co_account.puc_com_510545
hr_salary_rule_TOT_INC_comercial,Total Income,TOT_INC,l10n_co_account.chart_template_comercial,,
hr_salary_rule_EDT_comercial,Extra Day Time,EDT,l10n_co_account.chart_template_comercial,l10n_co_account.puc_com_250505,l10n_co_account.puc_com_510515
hr_salary_rule_EDT_SH_comercial,Extra Day Time Dominical And Hollidays,EDT_SH,l10n_co_account.chart_template_comercial,l10n_co_account.puc_com_250505,l10n_co_account.puc_com_510515
hr_salary_rule_EPS_INA_180_SUB_comercial,EPS Inability > 180 Days Subsidy,EPS_INA_180_SUB,l10n_co_account.chart_template_comercial,l10n_co_account.puc_com_250505,l10n_co_account.puc_com_136095
hr_salary_rule_TRA_ASI_comercial,Transport Assistance,TRA_ASI,l10n_co_account.chart_template_comercial,l10n_co_account.puc_com_250505,l10n_co_account.puc_com_510527
hr_salary_rule_EPS_INA_SUB_comercial,EPS Inability Subsidy,EPS_INA_SUB,l10n_co_account.chart_template_comercial,l10n_co_account.puc_com_250505,l10n_co_account.puc_com_510506
hr_salary_rule_EPS_PER_comercial,EPS Permit,EPS_PER,l10n_co_account.chart_template_comercial,l10n_co_account.puc_com_250505,l10n_co_account.puc_com_510506
hr_salary_rule_TOT_OTH_INC_comercial,Total Other Incomes,TOT_OTH_INC,l10n_co_account.chart_template_comercial,,
hr_salary_rule_BIR_ASI_comercial,Birth Assistance,BIR_ASI,l10n_co_account.chart_template_comercial,l10n_co_account.puc_com_250505,l10n_co_account.puc_com_510545
hr_salary_rule_CLO_ASI_comercial,Clothe Assistance,CLO_ASI,l10n_co_account.chart_template_comercial,l10n_co_account.puc_com_250505,l10n_co_account.puc_com_510545
hr_salary_rule_CON_ASI_comercial,Conveyance Assistance,CON_ASI,l10n_co_account.chart_template_comercial,l10n_co_account.puc_com_250505,l10n_co_account.puc_com_510545
hr_salary_rule_DEA_ASI_comercial,Death Assistance,DEA_ASI,l10n_co_account.chart_template_comercial,l10n_co_account.puc_com_250505,l10n_co_account.puc_com_510545
hr_salary_rule_EDU_ASI_comercial,Educational Assistance,EDU_ASI,l10n_co_account.chart_template_comercial,l10n_co_account.puc_com_250505,l10n_co_account.puc_com_510545
hr_salary_rule_FED_ASI_comercial,Feed Assistance,FED_ASI,l10n_co_account.chart_template_comercial,l10n_co_account.puc_com_250505,l10n_co_account.puc_com_510545
hr_salary_rule_HOU_ASI_comercial,Housing Assistance,HOU_ASI,l10n_co_account.chart_template_comercial,l10n_co_account.puc_com_250505,l10n_co_account.puc_com_510545
hr_salary_rule_LAB_LOA_ASI_comercial,Labor Loan Assistance,LAB_LOA_ASI,l10n_co_account.chart_template_comercial,l10n_co_account.puc_com_250505,l10n_co_account.puc_com_510545
hr_salary_rule_MAI_ASI_comercial,Maintenance Assistance,MAI_ASI,l10n_co_account.chart_template_comercial,l10n_co_account.puc_com_250505,l10n_co_account.puc_com_510545
hr_salary_rule_OPT_ASI_comercial,Optical Assistance,OPT_ASI,l10n_co_account.chart_template_comercial,l10n_co_account.puc_com_250505,l10n_co_account.puc_com_510545
hr_salary_rule_OTH_ASI_comercial,Other Educational Assistance,OTH_ASI,l10n_co_account.chart_template_comercial,l10n_co_account.puc_com_250505,l10n_co_account.puc_com_510545
hr_salary_rule_OTH_BON_comercial,Other Bonus,OTH_BON,l10n_co_account.chart_template_comercial,l10n_co_account.puc_com_250505,l10n_co_account.puc_com_510545
hr_salary_rule_PAR_ASI_comercial,Child Educational Assistance,PAR_ASI,l10n_co_account.chart_template_comercial,l10n_co_account.puc_com_250505,l10n_co_account.puc_com_510545
hr_salary_rule_PRA_ASI_comercial,Practitioners Assistance,PRA_ASI,l10n_co_account.chart_template_comercial,l10n_co_account.puc_com_250505,l10n_co_account.puc_com_510545
hr_salary_rule_PRA_TRA_ASI_comercial,Practitioners Transport Assistance,PRA_TRA_ASI,l10n_co_account.chart_template_comercial,l10n_co_account.puc_com_250505,l10n_co_account.puc_com_510545
hr_salary_rule_PRE_ASI_comercial,Prescolar Educational Assistance,PRE_ASI,l10n_co_account.chart_template_comercial,l10n_co_account.puc_com_250505,l10n_co_account.puc_com_510545
hr_salary_rule_PRI_ASI_comercial,Primary Educational Assistance,PRI_ASI,l10n_co_account.chart_template_comercial,l10n_co_account.puc_com_250505,l10n_co_account.puc_com_510545
hr_salary_rule_PRO_PRE_ASI_comercial,Production Premium Assistance,PRO_PRE_ASI,l10n_co_account.chart_template_comercial,l10n_co_account.puc_com_250505,l10n_co_account.puc_com_510545
hr_salary_rule_SAL_ASI_comercial,Assistance / Subsidies,SAL_ASI,l10n_co_account.chart_template_comercial,l10n_co_account.puc_com_250505,l10n_co_account.puc_com_510545
hr_salary_rule_SEC_ASI_comercial,Secondary Educational Assistance,SEC_ASI,l10n_co_account.chart_template_comercial,l10n_co_account.puc_com_250505,l10n_co_account.puc_com_510545
hr_salary_rule_SPE_ASI_comercial,Special Educational Assistance,SPE_ASI,l10n_co_account.chart_template_comercial,l10n_co_account.puc_com_250505,l10n_co_account.puc_com_510545
hr_salary_rule_TEC_ASI_comercial,Tecnical Educational Assistance,TEC_ASI,l10n_co_account.chart_template_comercial,l10n_co_account.puc_com_250505,l10n_co_account.puc_com_510545
hr_salary_rule_UNI_ASI_comercial,University Educational Assistance,UNI_ASI,l10n_co_account.chart_template_comercial,l10n_co_account.puc_com_250505,l10n_co_account.puc_com_510545
hr_salary_rule_VIA_comercial,Viatics,VIA,l10n_co_account.chart_template_comercial,l10n_co_account.puc_com_250505,l10n_co_account.puc_com_510521
hr_salary_rule_BON_comercial,Bonus,BON,l10n_co_account.chart_template_comercial,l10n_co_account.puc_com_250505,l10n_co_account.puc_com_510548
hr_salary_rule_TOT_AUX_comercial,Total Assistance,TOT_AUX,l10n_co_account.chart_template_comercial,,
hr_salary_rule_AFC_comercial,AFC,AFC,l10n_co_account.chart_template_comercial,l10n_co_account.puc_com_250505,l10n_co_account.puc_com_510530
hr_salary_rule_PRM_comercial,Service Premiun,PRM,l10n_co_account.chart_template_comercial,l10n_co_account.puc_com_250505,l10n_co_account.puc_com_510536
hr_salary_rule_AFC_INT_comercial,AFC Interest,AFC_INT,l10n_co_account.chart_template_comercial,l10n_co_account.puc_com_250505,l10n_co_account.puc_com_510533
hr_salary_rule_GROSS_comercial,GROSS,GROSS,l10n_co_account.chart_template_comercial,,
hr_salary_rule_IBC_SS_comercial,IBC Social Security,IBC_SS,l10n_co_account.chart_template_comercial,,
hr_salary_rule_IBC_SA_comercial,IBC Social Allowance,IBC_SA,l10n_co_account.chart_template_comercial,,
hr_salary_rule_VAC_MON_comercial,Vacation In Money,VAC_MON,l10n_co_account.chart_template_comercial,l10n_co_account.puc_com_250505,l10n_co_account.puc_com_510539
hr_salary_rule_LST_AVG_INC_comercial,Last Average Income,LST_AVG_INC,l10n_co_account.chart_template_comercial,,
hr_salary_rule_LST_ONE_AVG_INC_comercial,Last One Average Income,LST_ONE_AVG_INC,l10n_co_account.chart_template_comercial,,
hr_salary_rule_LST_SIX_AVG_INC_comercial,Last Six Average Income,LST_SIX_AVG_INC,l10n_co_account.chart_template_comercial,,
hr_salary_rule_LST_TWE_AVG_INC_comercial,List Twelve Average Income,LST_TWE_AVG_INC,l10n_co_account.chart_template_comercial,,
hr_salary_rule_SRC_RET_VAL_comercial,Source Retention Value,SRC_RET_VAL,l10n_co_account.chart_template_comercial,,
hr_salary_rule_AFP_comercial,Pension Contribution,AFP,l10n_co_account.chart_template_comercial,l10n_co_account.puc_com_237095,l10n_co_account.puc_com_250505
hr_salary_rule_EPS_comercial,Health Contribution,EPS,l10n_co_account.chart_template_comercial,l10n_co_account.puc_com_237005,l10n_co_account.puc_com_250505
hr_salary_rule_RET_FTE_comercial,Source Retention,RET_FTE,l10n_co_account.chart_template_comercial,l10n_co_account.puc_com_236505,l10n_co_account.puc_com_250505
hr_salary_rule_FUN_comercial,Solidarity Fund,SOL_FUN,l10n_co_account.chart_template_comercial,l10n_co_account.puc_com_237095,l10n_co_account.puc_com_250505
hr_salary_rule_FSP_comercial,Pension Solidarity Fund,FSP,l10n_co_account.chart_template_comercial,l10n_co_account.puc_com_237095,l10n_co_account.puc_com_250505
hr_salary_rule_AFP_VOL_comercial,AFP Volunteer,AFP_VOL,l10n_co_account.chart_template_comercial,l10n_co_account.puc_com_237095,l10n_co_account.puc_com_250505
hr_salary_rule_FUN_INS_comercial,Funeral Insurance,FUN_INS,l10n_co_account.chart_template_comercial,l10n_co_account.puc_com_237095,l10n_co_account.puc_com_250505
hr_salary_rule_INS_comercial,Insurance,INS,l10n_co_account.chart_template_comercial,l10n_co_account.puc_com_237095,l10n_co_account.puc_com_250505
hr_salary_rule_INS_LOA_comercial,Institutional Loan,INS_LOA,l10n_co_account.chart_template_comercial,l10n_co_account.puc_com_237095,l10n_co_account.puc_com_250505
hr_salary_rule_LAB_LOA_comercial,Labor Loan,LAB_LOA,l10n_co_account.chart_template_comercial,l10n_co_account.puc_com_237095,l10n_co_account.puc_com_250505
hr_salary_rule_LOA_comercial,Loan,LOA,l10n_co_account.chart_template_comercial,l10n_co_account.puc_com_237095,l10n_co_account.puc_com_250505
hr_salary_rule_OTH_INS_comercial,Other Insurance,OTH_INS,l10n_co_account.chart_template_comercial,l10n_co_account.puc_com_237095,l10n_co_account.puc_com_250505
hr_salary_rule_CAL_LOA_comercial,Calamity Loan,CAL_LOA,l10n_co_account.chart_template_comercial,l10n_co_account.puc_com_237095,l10n_co_account.puc_com_250505
hr_salary_rule_CAR_LOA_comercial,Car Loan,CAR_LOA,l10n_co_account.chart_template_comercial,l10n_co_account.puc_com_237095,l10n_co_account.puc_com_250505
hr_salary_rule_COO_comercial,Cooperative,COO,l10n_co_account.chart_template_comercial,l10n_co_account.puc_com_237095,l10n_co_account.puc_com_250505
hr_salary_rule_CTY_UNI_comercial,City Union,CTY_UNI,l10n_co_account.chart_template_comercial,l10n_co_account.puc_com_237095,l10n_co_account.puc_com_250505
hr_salary_rule_EDU_LOA_comercial,Educational Loan,EDU_LOA,l10n_co_account.chart_template_comercial,l10n_co_account.puc_com_237095,l10n_co_account.puc_com_250505
hr_salary_rule_EXE_JUD_comercial,Execut Judicial,EXE_JUD,l10n_co_account.chart_template_comercial,l10n_co_account.puc_com_237095,l10n_co_account.puc_com_250505
hr_salary_rule_FEE_JUD_comercial,Feed Judicial,FEE_JUD,l10n_co_account.chart_template_comercial,l10n_co_account.puc_com_237095,l10n_co_account.puc_com_250505
hr_salary_rule_FON_comercial,Employee Association,FON,l10n_co_account.chart_template_comercial,l10n_co_account.puc_com_237095,l10n_co_account.puc_com_250505
hr_salary_rule_HOU_LOA_comercial,Housing Loan,HOU_LOA,l10n_co_account.chart_template_comercial,l10n_co_account.puc_com_237095,l10n_co_account.puc_com_250505
hr_salary_rule_IND_UNI_comercial,Industry Union,IND_UNI,l10n_co_account.chart_template_comercial,l10n_co_account.puc_com_237095,l10n_co_account.puc_com_250505
hr_salary_rule_MED_LOA_comercial,Medical Loan,MED_LOA,l10n_co_account.chart_template_comercial,l10n_co_account.puc_com_237095,l10n_co_account.puc_com_250505
hr_salary_rule_OTH_ASO_comercial,Other Association,OTH_ASO,l10n_co_account.chart_template_comercial,l10n_co_account.puc_com_237095,l10n_co_account.puc_com_250505
hr_salary_rule_OTH_DIS_comercial,Other Discount,OTH_DIS,l10n_co_account.chart_template_comercial,l10n_co_account.puc_com_237095,l10n_co_account.puc_com_250505
hr_salary_rule_OTH_JUD_comercial,Other Judicial,OTH_JUD,l10n_co_account.chart_template_comercial,l10n_co_account.puc_com_237095,l10n_co_account.puc_com_250505
hr_salary_rule_OTH_LOA_comercial,Other Loan,OTH_LOA,l10n_co_account.chart_template_comercial,l10n_co_account.puc_com_237095,l10n_co_account.puc_com_250505
hr_salary_rule_OTH_UNI_comercial,Other Union,OTH_UNI,l10n_co_account.chart_template_comercial,l10n_co_account.puc_com_237095,l10n_co_account.puc_com_250505
hr_salary_rule_POS_CON_LOA_comercial,POS Consume Loan,POS_CON_LOA,l10n_co_account.chart_template_comercial,l10n_co_account.puc_com_237095,l10n_co_account.puc_com_250505
hr_salary_rule_REC_LOA_comercial,Recreation Loan,REC_LOA,l10n_co_account.chart_template_comercial,l10n_co_account.puc_com_237095,l10n_co_account.puc_com_250505
hr_salary_rule_REG_UNI_comercial,Region Union,REG_UNI,l10n_co_account.chart_template_comercial,l10n_co_account.puc_com_237095,l10n_co_account.puc_com_250505
hr_salary_rule_SEC_UNI_comercial,Sector Union,SEC_UNI,l10n_co_account.chart_template_comercial,l10n_co_account.puc_com_237095,l10n_co_account.puc_com_250505
hr_salary_rule_SUB_UNI_comercial,Subsector Union,SUB_UNI,l10n_co_account.chart_template_comercial,l10n_co_account.puc_com_237095,l10n_co_account.puc_com_250505
hr_salary_rule_VAR_LOA_comercial,Variety Loan,VAR_LOA,l10n_co_account.chart_template_comercial,l10n_co_account.puc_com_237095,l10n_co_account.puc_com_250505
hr_salary_rule_TOT_DED_comercial,Total Deductions,TOT_DED,l10n_co_account.chart_template_comercial,,
hr_salary_rule_TOT_DIS_comercial,Total Discounts,TOT_DIS,l10n_co_account.chart_template_comercial,,
hr_salary_rule_TOT_PAY_comercial,TOTAL TO PAY,TOT_PAY,l10n_co_account.chart_template_comercial,,
hr_salary_rule_EPS_PAT_comercial,Employer Health Contribution,EPS_PAT,l10n_co_account.chart_template_comercial,l10n_co_account.puc_com_237095,l10n_co_account.puc_com_510569
hr_salary_rule_AFP_PAT_comercial,Employer Pension Contribution,AFP_PAT,l10n_co_account.chart_template_comercial,l10n_co_account.puc_com_237095,l10n_co_account.puc_com_510570
hr_salary_rule_AFC_DED_comercial,AFC Deduction,AFC_DED,l10n_co_account.chart_template_comercial,,
hr_salary_rule_AFP_DED_comercial,AFP Deduction,AFP_DED,l10n_co_account.chart_template_comercial,,
hr_salary_rule_DEP_DED_comercial,Dependant Deduction,DEP_DED,l10n_co_account.chart_template_comercial,,
hr_salary_rule_HOU_DED_comercial,Interest Deduction,HOU_DED,l10n_co_account.chart_template_comercial,,
hr_salary_rule_KND_comercial,Payment In Kind,KND,l10n_co_account.chart_template_comercial,,
hr_salary_rule_MED_DED_comercial,Medical Deduction,MED_DED,l10n_co_account.chart_template_comercial,,
hr_salary_rule_OTH_DED_comercial,Other Excempt Incomes,OTH_DED,l10n_co_account.chart_template_comercial,,
hr_salary_rule_OTH_EXC_comercial,Other Excempt Incomes,OTH_EXC,l10n_co_account.chart_template_comercial,,
hr_salary_rule_VOL_DED_comercial,Volunteer Deduction,VOL_DED,l10n_co_account.chart_template_comercial,,
hr_salary_rule_BAS_RET_comercial,Base Retention,BAS_RET,l10n_co_account.chart_template_comercial,,
hr_salary_rule_SRC_RET_comercial,Source Retention,SRC_RET,l10n_co_account.chart_template_comercial,l10n_co_account.puc_com_236505,l10n_co_account.puc_com_250505
hr_salary_rule_ARL_comercial,Professional Risk,ARL,l10n_co_account.chart_template_comercial,l10n_co_account.puc_com_237006,l10n_co_account.puc_com_510568
hr_salary_rule_CCF_comercial,Familiar Compensation Cash,CCF,l10n_co_account.chart_template_comercial,l10n_co_account.puc_com_237010,l10n_co_account.puc_com_510572
hr_salary_rule_ICBF_comercial,Colombian Familiar Wellness Institute,ICBF,l10n_co_account.chart_template_comercial,l10n_co_account.puc_com_237010,l10n_co_account.puc_com_510575
hr_salary_rule_SENA_comercial,Learning National Service,SENA,l10n_co_account.chart_template_comercial,l10n_co_account.puc_com_237010,l10n_co_account.puc_com_510578
hr_salary_rule_TOT_CON_comercial,Total Contributions,TOT_CON,l10n_co_account.chart_template_comercial,,
hr_salary_rule_PRM_ACR_comercial,Premium Accrued,PRM_ACR,l10n_co_account.chart_template_comercial,l10n_co_account.puc_com_281095,l10n_co_account.puc_com_510536
hr_salary_rule_AFC_ACR_comercial,AFC Accrued,AFC_ACR,l10n_co_account.chart_template_comercial,l10n_co_account.puc_com_281095,l10n_co_account.puc_com_510530
hr_salary_rule_AFC_INT_ACR_comercial,AFC Interest Accrued,AFC_INT_ACR,l10n_co_account.chart_template_comercial,l10n_co_account.puc_com_281095,l10n_co_account.puc_com_510533
hr_salary_rule_VAC_ACR_comercial,Vacations Accrued,VAC_ACR,l10n_co_account.chart_template_comercial,l10n_co_account.puc_com_281095,l10n_co_account.puc_com_510539
hr_salary_rule_TOT_ACR_comercial,Total Accrue,TOT_ACR,l10n_co_account.chart_template_comercial,,
hr_salary_rule_NET_comercial,NET,NET,l10n_co_account.chart_template_comercial,,
hr_salary_rule_EPS_INA_180_COL_comercial,EPS Inability > 180 Days Collect,EPS_INA_180_COL,l10n_co_account.chart_template_comercial,l10n_co_account.puc_com_250505,l10n_co_account.niif_fin_510595
hr_salary_rule_EPS_INA_COL_comercial,EPS Inability Collect,EPS_INA_COL,l10n_co_account.chart_template_comercial,l10n_co_account.puc_com_250505,l10n_co_account.niif_fin_510595
hr_salary_rule_DAYS_niif_financiero,Days,DAYS,l10n_co_account.chart_template_niif_financiero,,
hr_salary_rule_SMMLV_niif_financiero,Minimun Salary,SMMLV,l10n_co_account.chart_template_niif_financiero,,
hr_salary_rule_UVT_niif_financiero,Unit Value Tax,UVT,l10n_co_account.chart_template_niif_financiero,,
hr_salary_rule_BASIC_niif_financiero,Basic Salary,BASIC,l10n_co_account.chart_template_niif_financiero,,
hr_salary_rule_BAS_SAL_niif_financiero,Salary,BAS_SAL,l10n_co_account.chart_template_niif_financiero,l10n_co_account.niif_fin_270505,l10n_co_account.niif_fin_512002
hr_salary_rule_INT_SAL_niif_financiero,Integral Salary,INT_SAL,l10n_co_account.chart_template_niif_financiero,l10n_co_account.niif_fin_270505,l10n_co_account.niif_fin_512001
hr_salary_rule_MAT_niif_financiero,Maternity License,MAT,l10n_co_account.chart_template_niif_financiero,l10n_co_account.niif_fin_270505,l10n_co_account.niif_fin_168515
hr_salary_rule_VAC_niif_financiero,Vacations,VAC,l10n_co_account.chart_template_niif_financiero,l10n_co_account.niif_fin_270505,l10n_co_account.niif_fin_512010
hr_salary_rule_SAL_ADJ_niif_financiero,Salary Adjust,SAL_ADJ,l10n_co_account.chart_template_niif_financiero,l10n_co_account.niif_fin_270505,l10n_co_account.niif_fin_512002
hr_salary_rule_UNI_PER_niif_financiero,Union Permit,UNI_PER,l10n_co_account.chart_template_niif_financiero,l10n_co_account.niif_fin_270505,l10n_co_account.niif_fin_512002
hr_salary_rule_PAI_LEA_niif_financiero,Paid Leave,PAI_LEA,l10n_co_account.chart_template_niif_financiero,l10n_co_account.niif_fin_270505,l10n_co_account.niif_fin_512002
hr_salary_rule_ENT_niif_financiero,Extra Night Time,ENT,l10n_co_account.chart_template_niif_financiero,l10n_co_account.niif_fin_270505,l10n_co_account.niif_fin_512003
hr_salary_rule_ENT_SH_niif_financiero,Extra Night Time Domincal And Hollidays,ENT_SH,l10n_co_account.chart_template_niif_financiero,l10n_co_account.niif_fin_270505,l10n_co_account.niif_fin_512003
hr_salary_rule_NS_niif_financiero,Night Surcharge,NS,l10n_co_account.chart_template_niif_financiero,l10n_co_account.niif_fin_270505,l10n_co_account.niif_fin_512003
hr_salary_rule_COM_niif_financiero,Commissions,COM,l10n_co_account.chart_template_niif_financiero,l10n_co_account.niif_fin_270505,l10n_co_account.niif_fin_512024
hr_salary_rule_ARL_INA_niif_financiero,ARL Inability,ARL_INA,l10n_co_account.chart_template_niif_financiero,l10n_co_account.niif_fin_270505,l10n_co_account.niif_fin_168510
hr_salary_rule_EPS_INA_niif_financiero,EPS Inability,EPS_INA,l10n_co_account.chart_template_niif_financiero,l10n_co_account.niif_fin_270505,l10n_co_account.niif_fin_168510
hr_salary_rule_EPS_INA_180_niif_financiero,EPS Inability > 180 Days,EPS_INA_180,l10n_co_account.chart_template_niif_financiero,l10n_co_account.niif_fin_270505,l10n_co_account.niif_fin_168510
hr_salary_rule_SH_niif_financiero,Sunday And Holidays Surcharge,SH,l10n_co_account.chart_template_niif_financiero,l10n_co_account.niif_fin_270505,l10n_co_account.niif_fin_512003
hr_salary_rule_LEAVE110_niif_financiero,Sick Time Off,LEAVE110,l10n_co_account.chart_template_niif_financiero,l10n_co_account.niif_fin_270505,l10n_co_account.niif_fin_168510
hr_salary_rule_SUB_niif_financiero,Not Salary Subsidy,SUB,l10n_co_account.chart_template_niif_financiero,l10n_co_account.niif_fin_270505,l10n_co_account.niif_fin_512095
hr_salary_rule_TOT_INC_niif_financiero,Total Income,TOT_INC,l10n_co_account.chart_template_niif_financiero,,
hr_salary_rule_EDT_niif_financiero,Extra Day Time,EDT,l10n_co_account.chart_template_niif_financiero,l10n_co_account.niif_fin_270505,l10n_co_account.niif_fin_512003
hr_salary_rule_EDT_SH_niif_financiero,Extra Day Time Dominical And Hollidays,EDT_SH,l10n_co_account.chart_template_niif_financiero,l10n_co_account.niif_fin_270505,l10n_co_account.niif_fin_512003
hr_salary_rule_EPS_INA_180_SUB_niif_financiero,EPS Inability > 180 Days Subsidy,EPS_INA_180_SUB,l10n_co_account.chart_template_niif_financiero,l10n_co_account.niif_fin_270505,l10n_co_account.niif_fin_512002
hr_salary_rule_TRA_ASI_niif_financiero,Transport Assistance,TRA_ASI,l10n_co_account.chart_template_niif_financiero,l10n_co_account.niif_fin_270505,l10n_co_account.niif_fin_512004
hr_salary_rule_EPS_INA_SUB_niif_financiero,EPS Inability Subsidy,EPS_INA_SUB,l10n_co_account.chart_template_niif_financiero,l10n_co_account.niif_fin_270505,l10n_co_account.niif_fin_512002
hr_salary_rule_EPS_PER_niif_financiero,EPS Permit,EPS_PER,l10n_co_account.chart_template_niif_financiero,l10n_co_account.niif_fin_270505,l10n_co_account.niif_fin_512002
hr_salary_rule_TOT_OTH_INC_niif_financiero,Total Other Incomes,TOT_OTH_INC,l10n_co_account.chart_template_niif_financiero,,
hr_salary_rule_BIR_ASI_niif_financiero,Birth Assistance,BIR_ASI,l10n_co_account.chart_template_niif_financiero,l10n_co_account.niif_fin_270505,l10n_co_account.niif_fin_512095
hr_salary_rule_CLO_ASI_niif_financiero,Clothe Assistance,CLO_ASI,l10n_co_account.chart_template_niif_financiero,l10n_co_account.niif_fin_270505,l10n_co_account.niif_fin_512095
hr_salary_rule_CON_ASI_niif_financiero,Conveyance Assistance,CON_ASI,l10n_co_account.chart_template_niif_financiero,l10n_co_account.niif_fin_270505,l10n_co_account.niif_fin_512095
hr_salary_rule_DEA_ASI_niif_financiero,Death Assistance,DEA_ASI,l10n_co_account.chart_template_niif_financiero,l10n_co_account.niif_fin_270505,l10n_co_account.niif_fin_512095
hr_salary_rule_EDU_ASI_niif_financiero,Educational Assistance,EDU_ASI,l10n_co_account.chart_template_niif_financiero,l10n_co_account.niif_fin_270505,l10n_co_account.niif_fin_512095
hr_salary_rule_FED_ASI_niif_financiero,Feed Assistance,FED_ASI,l10n_co_account.chart_template_niif_financiero,l10n_co_account.niif_fin_270505,l10n_co_account.niif_fin_512095
hr_salary_rule_HOU_ASI_niif_financiero,Housing Assistance,HOU_ASI,l10n_co_account.chart_template_niif_financiero,l10n_co_account.niif_fin_270505,l10n_co_account.niif_fin_512095
hr_salary_rule_LAB_LOA_ASI_niif_financiero,Labor Loan Assistance,LAB_LOA_ASI,l10n_co_account.chart_template_niif_financiero,l10n_co_account.niif_fin_270505,l10n_co_account.niif_fin_512095
hr_salary_rule_MAI_ASI_niif_financiero,Maintenance Assistance,MAI_ASI,l10n_co_account.chart_template_niif_financiero,l10n_co_account.niif_fin_270505,l10n_co_account.niif_fin_512095
hr_salary_rule_OPT_ASI_niif_financiero,Optical Assistance,OPT_ASI,l10n_co_account.chart_template_niif_financiero,l10n_co_account.niif_fin_270505,l10n_co_account.niif_fin_512095
hr_salary_rule_OTH_ASI_niif_financiero,Other Educational Assistance,OTH_ASI,l10n_co_account.chart_template_niif_financiero,l10n_co_account.niif_fin_270505,l10n_co_account.niif_fin_512095
hr_salary_rule_OTH_BON_niif_financiero,Other Bonus,OTH_BON,l10n_co_account.chart_template_niif_financiero,l10n_co_account.niif_fin_270505,l10n_co_account.niif_fin_512095
hr_salary_rule_PAR_ASI_niif_financiero,Child Educational Assistance,PAR_ASI,l10n_co_account.chart_template_niif_financiero,l10n_co_account.niif_fin_270505,l10n_co_account.niif_fin_512095
hr_salary_rule_PRA_ASI_niif_financiero,Practitioners Assistance,PRA_ASI,l10n_co_account.chart_template_niif_financiero,l10n_co_account.niif_fin_270505,l10n_co_account.niif_fin_512095
hr_salary_rule_PRA_TRA_ASI_niif_financiero,Practitioners Transport Assistance,PRA_TRA_ASI,l10n_co_account.chart_template_niif_financiero,l10n_co_account.niif_fin_270505,l10n_co_account.niif_fin_512095
hr_salary_rule_PRE_ASI_niif_financiero,Prescolar Educational Assistance,PRE_ASI,l10n_co_account.chart_template_niif_financiero,l10n_co_account.niif_fin_270505,l10n_co_account.niif_fin_512095
hr_salary_rule_PRI_ASI_niif_financiero,Primary Educational Assistance,PRI_ASI,l10n_co_account.chart_template_niif_financiero,l10n_co_account.niif_fin_270505,l10n_co_account.niif_fin_512095
hr_salary_rule_PRO_PRE_ASI_niif_financiero,Production Premium Assistance,PRO_PRE_ASI,l10n_co_account.chart_template_niif_financiero,l10n_co_account.niif_fin_270505,l10n_co_account.niif_fin_512095
hr_salary_rule_SAL_ASI_niif_financiero,Assistance / Subsidies,SAL_ASI,l10n_co_account.chart_template_niif_financiero,l10n_co_account.niif_fin_270505,l10n_co_account.niif_fin_512095
hr_salary_rule_SEC_ASI_niif_financiero,Secondary Educational Assistance,SEC_ASI,l10n_co_account.chart_template_niif_financiero,l10n_co_account.niif_fin_270505,l10n_co_account.niif_fin_512095
hr_salary_rule_SPE_ASI_niif_financiero,Special Educational Assistance,SPE_ASI,l10n_co_account.chart_template_niif_financiero,l10n_co_account.niif_fin_270505,l10n_co_account.niif_fin_512095
hr_salary_rule_TEC_ASI_niif_financiero,Tecnical Educational Assistance,TEC_ASI,l10n_co_account.chart_template_niif_financiero,l10n_co_account.niif_fin_270505,l10n_co_account.niif_fin_512095
hr_salary_rule_UNI_ASI_niif_financiero,University Educational Assistance,UNI_ASI,l10n_co_account.chart_template_niif_financiero,l10n_co_account.niif_fin_270505,l10n_co_account.niif_fin_512095
hr_salary_rule_VIA_niif_financiero,Viatics,VIA,l10n_co_account.chart_template_niif_financiero,l10n_co_account.niif_fin_270505,l10n_co_account.niif_fin_512017
hr_salary_rule_BON_niif_financiero,Bonus,BON,l10n_co_account.chart_template_niif_financiero,l10n_co_account.niif_fin_270505,l10n_co_account.niif_fin_512015
hr_salary_rule_TOT_AUX_niif_financiero,Total Assistance,TOT_AUX,l10n_co_account.chart_template_niif_financiero,,
hr_salary_rule_AFC_niif_financiero,AFC,AFC,l10n_co_account.chart_template_niif_financiero,l10n_co_account.niif_fin_270505,l10n_co_account.niif_fin_512035
hr_salary_rule_PRM_niif_financiero,Service Premiun,PRM,l10n_co_account.chart_template_niif_financiero,l10n_co_account.niif_fin_270505,l10n_co_account.niif_fin_512008
hr_salary_rule_AFC_INT_niif_financiero,AFC Interest,AFC_INT,l10n_co_account.chart_template_niif_financiero,l10n_co_account.niif_fin_270505,l10n_co_account.niif_fin_512036
hr_salary_rule_GROSS_niif_financiero,GROSS,GROSS,l10n_co_account.chart_template_niif_financiero,,
hr_salary_rule_IBC_SS_niif_financiero,IBC Social Security,IBC_SS,l10n_co_account.chart_template_niif_financiero,,
hr_salary_rule_IBC_SA_niif_financiero,IBC Social Allowance,IBC_SA,l10n_co_account.chart_template_niif_financiero,,
hr_salary_rule_VAC_MON_niif_financiero,Vacation In Money,VAC_MON,l10n_co_account.chart_template_niif_financiero,l10n_co_account.niif_fin_270505,l10n_co_account.niif_fin_512010
hr_salary_rule_LST_AVG_INC_niif_financiero,Last Average Income,LST_AVG_INC,l10n_co_account.chart_template_niif_financiero,,
hr_salary_rule_LST_ONE_AVG_INC_niif_financiero,Last One Average Income,LST_ONE_AVG_INC,l10n_co_account.chart_template_niif_financiero,,
hr_salary_rule_LST_SIX_AVG_INC_niif_financiero,Last Six Average Income,LST_SIX_AVG_INC,l10n_co_account.chart_template_niif_financiero,,
hr_salary_rule_LST_TWE_AVG_INC_niif_financiero,List Twelve Average Income,LST_TWE_AVG_INC,l10n_co_account.chart_template_niif_financiero,,
hr_salary_rule_SRC_RET_VAL_niif_financiero,Source Retention Value,SRC_RET_VAL,l10n_co_account.chart_template_niif_financiero,,
hr_salary_rule_AFP_niif_financiero,Pension Contribution,AFP,l10n_co_account.chart_template_niif_financiero,l10n_co_account.niif_fin_251940,l10n_co_account.niif_fin_270505
hr_salary_rule_EPS_niif_financiero,Health Contribution,EPS,l10n_co_account.chart_template_niif_financiero,l10n_co_account.niif_fin_251995,l10n_co_account.niif_fin_270505
hr_salary_rule_RET_FTE_niif_financiero,Source Retention,RET_FTE,l10n_co_account.chart_template_niif_financiero,l10n_co_account.niif_fin_243505,l10n_co_account.niif_fin_270505
hr_salary_rule_FUN_niif_financiero,Solidarity Fund,SOL_FUN,l10n_co_account.chart_template_niif_financiero,l10n_co_account.niif_fin_251940,l10n_co_account.niif_fin_270505
hr_salary_rule_FSP_niif_financiero,Pension Solidarity Fund,FSP,l10n_co_account.chart_template_niif_financiero,l10n_co_account.niif_fin_251940,l10n_co_account.niif_fin_270505
hr_salary_rule_AFP_VOL_niif_financiero,AFP Volunteer,AFP_VOL,l10n_co_account.chart_template_niif_financiero,l10n_co_account.niif_fin_251940,l10n_co_account.niif_fin_270505
hr_salary_rule_FUN_INS_niif_financiero,Funeral Insurance,FUN_INS,l10n_co_account.chart_template_niif_financiero,l10n_co_account.niif_fin_241010,l10n_co_account.niif_fin_270505
hr_salary_rule_INS_niif_financiero,Insurance,INS,l10n_co_account.chart_template_niif_financiero,l10n_co_account.niif_fin_241010,l10n_co_account.niif_fin_270505
hr_salary_rule_INS_LOA_niif_financiero,Institutional Loan,INS_LOA,l10n_co_account.chart_template_niif_financiero,l10n_co_account.niif_fin_251105,l10n_co_account.niif_fin_270505
hr_salary_rule_LAB_LOA_niif_financiero,Labor Loan,LAB_LOA,l10n_co_account.chart_template_niif_financiero,l10n_co_account.niif_fin_251105,l10n_co_account.niif_fin_270505
hr_salary_rule_LOA_niif_financiero,Loan,LOA,l10n_co_account.chart_template_niif_financiero,l10n_co_account.niif_fin_251105,l10n_co_account.niif_fin_270505
hr_salary_rule_OTH_INS_niif_financiero,Other Insurance,OTH_INS,l10n_co_account.chart_template_niif_financiero,l10n_co_account.niif_fin_251105,l10n_co_account.niif_fin_270505
hr_salary_rule_CAL_LOA_niif_financiero,Calamity Loan,CAL_LOA,l10n_co_account.chart_template_niif_financiero,l10n_co_account.niif_fin_251105,l10n_co_account.niif_fin_270505
hr_salary_rule_CAR_LOA_niif_financiero,Car Loan,CAR_LOA,l10n_co_account.chart_template_niif_financiero,l10n_co_account.niif_fin_251105,l10n_co_account.niif_fin_270505
hr_salary_rule_COO_niif_financiero,Cooperative,COO,l10n_co_account.chart_template_niif_financiero,l10n_co_account.niif_fin_251105,l10n_co_account.niif_fin_270505
hr_salary_rule_CTY_UNI_niif_financiero,City Union,CTY_UNI,l10n_co_account.chart_template_niif_financiero,l10n_co_account.niif_fin_251105,l10n_co_account.niif_fin_270505
hr_salary_rule_EDU_LOA_niif_financiero,Educational Loan,EDU_LOA,l10n_co_account.chart_template_niif_financiero,l10n_co_account.niif_fin_251105,l10n_co_account.niif_fin_270505
hr_salary_rule_EXE_JUD_niif_financiero,Execut Judicial,EXE_JUD,l10n_co_account.chart_template_niif_financiero,l10n_co_account.niif_fin_251105,l10n_co_account.niif_fin_270505
hr_salary_rule_FEE_JUD_niif_financiero,Feed Judicial,FEE_JUD,l10n_co_account.chart_template_niif_financiero,l10n_co_account.niif_fin_251105,l10n_co_account.niif_fin_270505
hr_salary_rule_FON_niif_financiero,Employee Association,FON,l10n_co_account.chart_template_niif_financiero,l10n_co_account.niif_fin_251105,l10n_co_account.niif_fin_270505
hr_salary_rule_HOU_LOA_niif_financiero,Housing Loan,HOU_LOA,l10n_co_account.chart_template_niif_financiero,l10n_co_account.niif_fin_251105,l10n_co_account.niif_fin_270505
hr_salary_rule_IND_UNI_niif_financiero,Industry Union,IND_UNI,l10n_co_account.chart_template_niif_financiero,l10n_co_account.niif_fin_251105,l10n_co_account.niif_fin_270505
hr_salary_rule_MED_LOA_niif_financiero,Medical Loan,MED_LOA,l10n_co_account.chart_template_niif_financiero,l10n_co_account.niif_fin_251105,l10n_co_account.niif_fin_270505
hr_salary_rule_OTH_ASO_niif_financiero,Other Association,OTH_ASO,l10n_co_account.chart_template_niif_financiero,l10n_co_account.niif_fin_251105,l10n_co_account.niif_fin_270505
hr_salary_rule_OTH_DIS_niif_financiero,Other Discount,OTH_DIS,l10n_co_account.chart_template_niif_financiero,l10n_co_account.niif_fin_251105,l10n_co_account.niif_fin_270505
hr_salary_rule_OTH_JUD_niif_financiero,Other Judicial,OTH_JUD,l10n_co_account.chart_template_niif_financiero,l10n_co_account.niif_fin_251105,l10n_co_account.niif_fin_270505
hr_salary_rule_OTH_LOA_niif_financiero,Other Loan,OTH_LOA,l10n_co_account.chart_template_niif_financiero,l10n_co_account.niif_fin_251105,l10n_co_account.niif_fin_270505
hr_salary_rule_OTH_UNI_niif_financiero,Other Union,OTH_UNI,l10n_co_account.chart_template_niif_financiero,l10n_co_account.niif_fin_251105,l10n_co_account.niif_fin_270505
hr_salary_rule_POS_CON_LOA_niif_financiero,POS Consume Loan,POS_CON_LOA,l10n_co_account.chart_template_niif_financiero,l10n_co_account.niif_fin_251105,l10n_co_account.niif_fin_270505
hr_salary_rule_REC_LOA_niif_financiero,Recreation Loan,REC_LOA,l10n_co_account.chart_template_niif_financiero,l10n_co_account.niif_fin_251105,l10n_co_account.niif_fin_270505
hr_salary_rule_REG_UNI_niif_financiero,Region Union,REG_UNI,l10n_co_account.chart_template_niif_financiero,l10n_co_account.niif_fin_251105,l10n_co_account.niif_fin_270505
hr_salary_rule_SEC_UNI_niif_financiero,Sector Union,SEC_UNI,l10n_co_account.chart_template_niif_financiero,l10n_co_account.niif_fin_251105,l10n_co_account.niif_fin_270505
hr_salary_rule_SUB_UNI_niif_financiero,Subsector Union,SUB_UNI,l10n_co_account.chart_template_niif_financiero,l10n_co_account.niif_fin_251105,l10n_co_account.niif_fin_270505
hr_salary_rule_VAR_LOA_niif_financiero,Variety Loan,VAR_LOA,l10n_co_account.chart_template_niif_financiero,l10n_co_account.niif_fin_251105,l10n_co_account.niif_fin_270505
hr_salary_rule_TOT_DED_niif_financiero,Total Deductions,TOT_DED,l10n_co_account.chart_template_niif_financiero,,
hr_salary_rule_TOT_DIS_niif_financiero,Total Discounts,TOT_DIS,l10n_co_account.chart_template_niif_financiero,,
hr_salary_rule_TOT_PAY_niif_financiero,TOTAL TO PAY,TOT_PAY,l10n_co_account.chart_template_niif_financiero,,
hr_salary_rule_EPS_PAT_niif_financiero,Employer Health Contribution,EPS_PAT,l10n_co_account.chart_template_niif_financiero,l10n_co_account.niif_fin_270505,l10n_co_account.niif_fin_512030
hr_salary_rule_AFP_PAT_niif_financiero,Employer Pension Contribution,AFP_PAT,l10n_co_account.chart_template_niif_financiero,l10n_co_account.niif_fin_270505,l10n_co_account.niif_fin_512031
hr_salary_rule_AFC_DED_niif_financiero,AFC Deduction,AFC_DED,l10n_co_account.chart_template_niif_financiero,,
hr_salary_rule_AFP_DED_niif_financiero,AFP Deduction,AFP_DED,l10n_co_account.chart_template_niif_financiero,,
hr_salary_rule_DEP_DED_niif_financiero,Dependant Deduction,DEP_DED,l10n_co_account.chart_template_niif_financiero,,
hr_salary_rule_HOU_DED_niif_financiero,Interest Deduction,HOU_DED,l10n_co_account.chart_template_niif_financiero,,
hr_salary_rule_KND_niif_financiero,Payment In Kind,KND,l10n_co_account.chart_template_niif_financiero,,
hr_salary_rule_MED_DED_niif_financiero,Medical Deduction,MED_DED,l10n_co_account.chart_template_niif_financiero,,
hr_salary_rule_OTH_DED_niif_financiero,Other Excempt Incomes,OTH_DED,l10n_co_account.chart_template_niif_financiero,,
hr_salary_rule_OTH_EXC_niif_financiero,Other Excempt Incomes,OTH_EXC,l10n_co_account.chart_template_niif_financiero,,
hr_salary_rule_VOL_DED_niif_financiero,Volunteer Deduction,VOL_DED,l10n_co_account.chart_template_niif_financiero,,
hr_salary_rule_BAS_RET_niif_financiero,Base Retention,BAS_RET,l10n_co_account.chart_template_niif_financiero,,
hr_salary_rule_SRC_RET_niif_financiero,Source Retention,SRC_RET,l10n_co_account.chart_template_niif_financiero,l10n_co_account.niif_fin_243505,l10n_co_account.niif_fin_270505
hr_salary_rule_ARL_niif_financiero,Professional Risk,ARL,l10n_co_account.chart_template_niif_financiero,l10n_co_account.niif_fin_270505,l10n_co_account.niif_fin_512025
hr_salary_rule_CCF_niif_financiero,Familiar Compensation Cash,CCF,l10n_co_account.chart_template_niif_financiero,l10n_co_account.niif_fin_270505,l10n_co_account.niif_fin_512019
hr_salary_rule_ICBF_niif_financiero,Colombian Familiar Wellness Institute,ICBF,l10n_co_account.chart_template_niif_financiero,l10n_co_account.niif_fin_270505,l10n_co_account.niif_fin_512019
hr_salary_rule_SENA_niif_financiero,Learning National Service,SENA,l10n_co_account.chart_template_niif_financiero,l10n_co_account.niif_fin_270505,l10n_co_account.niif_fin_512019
hr_salary_rule_TOT_CON_niif_financiero,Total Contributions,TOT_CON,l10n_co_account.chart_template_niif_financiero,,
hr_salary_rule_PRM_ACR_niif_financiero,Premium Accrued,PRM_ACR,l10n_co_account.chart_template_niif_financiero,l10n_co_account.niif_fin_281095,l10n_co_account.niif_fin_512008
hr_salary_rule_AFC_ACR_niif_financiero,AFC Accrued,AFC_ACR,l10n_co_account.chart_template_niif_financiero,l10n_co_account.niif_fin_281095,l10n_co_account.niif_fin_512006
hr_salary_rule_AFC_INT_ACR_niif_financiero,AFC Interest Accrued,AFC_INT_ACR,l10n_co_account.chart_template_niif_financiero,l10n_co_account.niif_fin_281095,l10n_co_account.niif_fin_512007
hr_salary_rule_VAC_ACR_niif_financiero,Vacations Accrued,VAC_ACR,l10n_co_account.chart_template_niif_financiero,l10n_co_account.niif_fin_281095,l10n_co_account.niif_fin_512010
hr_salary_rule_TOT_ACR_niif_financiero,Total Accrue,TOT_ACR,l10n_co_account.chart_template_niif_financiero,,
hr_salary_rule_NET_niif_financiero,NET,NET,l10n_co_account.chart_template_niif_financiero,,
hr_salary_rule_EPS_INA_180_COL_niif_financiero,EPS Inability > 180 Days Collect,EPS_INA_180_COL,l10n_co_account.chart_template_niif_financiero,l10n_co_account.niif_fin_270505,l10n_co_account.niif_fin_510595
hr_salary_rule_EPS_INA_COL_niif_financiero,EPS Inability Collect,EPS_INA_COL,l10n_co_account.chart_template_niif_financiero,l10n_co_account.niif_fin_270505,l10n_co_account.niif_fin_510595
